-- MySQL Administrator dump 1.4
--
-- ------------------------------------------------------
-- Server version	5.5.8


/*!40101 SET @OLD_CHARACTER_SET_CLIENT=@@CHARACTER_SET_CLIENT */;
/*!40101 SET @OLD_CHARACTER_SET_RESULTS=@@CHARACTER_SET_RESULTS */;
/*!40101 SET @OLD_COLLATION_CONNECTION=@@COLLATION_CONNECTION */;
/*!40101 SET NAMES utf8 */;

/*!40014 SET @OLD_UNIQUE_CHECKS=@@UNIQUE_CHECKS, UNIQUE_CHECKS=0 */;
/*!40014 SET @OLD_FOREIGN_KEY_CHECKS=@@FOREIGN_KEY_CHECKS, FOREIGN_KEY_CHECKS=0 */;
/*!40101 SET @OLD_SQL_MODE=@@SQL_MODE, SQL_MODE='NO_AUTO_VALUE_ON_ZERO' */;


--
-- Create schema rmsdt
--

CREATE DATABASE IF NOT EXISTS rmsdt;
USE rmsdt;

--
-- Definition of table `address`
--

DROP TABLE IF EXISTS `address`;
CREATE TABLE `address` (
  `id` int(10) unsigned NOT NULL AUTO_INCREMENT,
  `house_no` varchar(20) NOT NULL,
  `street` varchar(30) NOT NULL,
  `city` varchar(30) NOT NULL,
  `state` varchar(30) NOT NULL,
  `country` varchar(30) NOT NULL,
  `postal_code` varchar(30) NOT NULL,
  `lat` varchar(200) DEFAULT NULL,
  `lng` varchar(200) DEFAULT NULL,
  PRIMARY KEY (`id`)
) ENGINE=InnoDB AUTO_INCREMENT=115 DEFAULT CHARSET=latin1;

--
-- Dumping data for table `address`
--

/*!40000 ALTER TABLE `address` DISABLE KEYS */;
INSERT INTO `address` VALUES  (63,'qw','qw','qw','qw','qw','qw','',''),
 (64,'ww','ww','ww','ww','ww','ww','',''),
 (65,'159','Mancheswar','bhubaneswar','Orissa','India','754224','',''),
 (66,'qqq','qq','qqq','qqq','qqq','qqqq','',''),
 (67,'ss','ss','ss','ss','ss','ss','',''),
 (68,'dd','dd','dd','dd','dd','dd','',''),
 (69,'www','ww','ww','w','w','w','',''),
 (70,'aa','aa','saasdfa','aa','aa','aa','',''),
 (71,'aaaaa','aa','aaa','aa','aa','aa','',''),
 (72,'xxxxxxxx','xx','xx','xx','xx','xx','',''),
 (73,'ss','ss','ss','ss','ss','sssss','',''),
 (74,'ss','ss','safasf','ss','ss','ss','',''),
 (75,'qq','qq','qq','qq','qq','qq','',''),
 (76,'111','23','dcfv','fdfg','fddd','754224','',''),
 (77,'123','123','123','123','44','44','',''),
 (108,'123','jaydev bihar','Bhubaneswar','orissa','india','751003','20.295104002941937','85.85759304463863'),
 (109,'111','111','11','111','11','11','20.272843546937057','85.84643505513668'),
 (110,'33333333333','33','33','33','33','33','20.262779000782018','85.83304546773434'),
 (111,'8888','88','88','88','88','88','20.275862783463996','85.8448901027441'),
 (112,'77777','77','77','77','77','88','20.27610431984714','85.83566330373287'),
 (113,'as','as','as','as','as','as','',''),
 (114,'dd','dd','dd','dd','dd','dd','20.27558099054157','85.84021233022213');
/*!40000 ALTER TABLE `address` ENABLE KEYS */;


--
-- Definition of table `authorities`
--

DROP TABLE IF EXISTS `authorities`;
CREATE TABLE `authorities` (
  `id` int(10) unsigned NOT NULL AUTO_INCREMENT,
  `user_id_fk` int(10) unsigned NOT NULL,
  `role_id_fk` int(10) unsigned NOT NULL,
  PRIMARY KEY (`id`),
  KEY `user_id_fk` (`user_id_fk`),
  KEY `role_id_fk` (`role_id_fk`),
  CONSTRAINT `role_id_fk` FOREIGN KEY (`role_id_fk`) REFERENCES `roles` (`id`),
  CONSTRAINT `user_id_fk` FOREIGN KEY (`user_id_fk`) REFERENCES `users` (`id`)
) ENGINE=InnoDB AUTO_INCREMENT=3 DEFAULT CHARSET=latin1;

--
-- Dumping data for table `authorities`
--

/*!40000 ALTER TABLE `authorities` DISABLE KEYS */;
INSERT INTO `authorities` VALUES  (1,1,1),
 (2,2,1);
/*!40000 ALTER TABLE `authorities` ENABLE KEYS */;


--
-- Definition of table `campaigns`
--

DROP TABLE IF EXISTS `campaigns`;
CREATE TABLE `campaigns` (
  `id` int(10) unsigned NOT NULL AUTO_INCREMENT,
  `admin_id_fk` int(10) unsigned NOT NULL,
  `camp_name` varchar(45) NOT NULL,
  `camp_description` text NOT NULL,
  `camp_image` blob,
  `creation_date` datetime NOT NULL,
  `modification_date` datetime DEFAULT NULL,
  PRIMARY KEY (`id`),
  KEY `admin_id_fk` (`admin_id_fk`),
  CONSTRAINT `admin_id_fk` FOREIGN KEY (`admin_id_fk`) REFERENCES `users` (`id`)
) ENGINE=InnoDB AUTO_INCREMENT=17 DEFAULT CHARSET=latin1;

--
-- Dumping data for table `campaigns`
--

/*!40000 ALTER TABLE `campaigns` DISABLE KEYS */;
INSERT INTO `campaigns` VALUES  (4,1,'4hone edited','fourth one',0x89504E470D0A1A0A0000000D4948445200000040000000400806000000AA6971DE00000006624B474400FF00FF00FFA0BDA7930000000774494D4507D8050E1332263B9B0004000009B749444154789CED9A7B7054E519C69FF7FBF67AF696DD6C48C22525264B4276374A42A14011D45CB86945EA8875BCF4A680C18ED33FAC75C64AC799DAA917CA4554D0E9B4A362ACDA197A9910451431688908E602218484244B127283249BDBEEF9FAC739BB1BB4179B3D81CE747F332773F6E4EC77DEF739EFF77CEF9E5D20418204091224489020418204FF8F700DC6303B1C8E59A3A3A3560002C0B806635E31B41020AD7465C953D99E2C6FC7F9CE86B1B131231411421A8C3DE5682180CBEBCFDB643418D779E664DD969A9EDA7EB6A9B90B801EC0180059836B4C195A089094933367F1F265CB730B0AE7DB5A5A5A6EC99D9B3BDF6C32D4F5F55D0C8742210230AAC175A6044D04C89D9BB362C18285B977DEF13D5AFAEDEB71BE333023141ABF3B2323C32E6434E8F57AB32449A1603038A6C1F534256E014C26932BCB93B5C2E7F3E6F87C7E84C32114DF54C27273E7B2FA93F5F92E57D29D2EB7B37F6830D8E5703824B7DB3DD2DBDB1BD622782D885B004992DCD7646596FABCBE1C9FCF8F8F0E7F88B1B15178B273B07AD56AE670384C75F5754569D3D3965B247353382C445A5A1ADFB061C3D0C18307851649C443DC022427274F9B396B6689CFEB9DE3F3F9D174F60C868686D0D11980416FC0BCEB0AA8A4A494FAFB7B933BBBBA6E773A1DD38D06D399B6B636ABDFEF0F9D3C7972588B44264BDC02A4A6A6A64E4B4D29F1F9FC1E9FD787B3CD4D608C8108B878B11FBDBD3D70263971FDD2E56C7EE17CAA3F59973D1E1A5BAF37E8C618F10B7EBFDF5150503074E2C489ABD23FC42DC0ECD9B3D35D2E67B1CFEFF378F37C68696906634CDD08A150183D3DDD181E0E62D6AC0CAC285DC5D2D2D2F4C78F7FFE2D22948251BBD964C682050B4C85858503D5D5D55774D98C5B008FC7335DB248457E9F3FDB9BE7FD8A008C1888718C8E8DA2BBBB1B8C80BCB95EAC285D49C1E1A0ADB1B161B52C87B24D4673ABD56A752C5AB4485455550D6891DCD7216E01BC5EEF4CA3D17093D7EBCDF6E67971AEF51C88088C3170CE408C819122061121181C426F6F1F2449C2E2C54B68F1A2C568686C9879BE23B076747484BB5CC9BDC5C5C5C937DF7C73B0A2A262CAFD216E01F2F3F36711A71BFD5E5F565E9E176DEDAD5101225540917D52F605042EF6F76160E0225253D351525CCA32333379F56747AFEDEEB9502A8B705F8A7B9A58B3668DBDA8A8A8BFA2A262CADA6A16EF0066B3991311810800C03907E71CCA21656313F623AFB98E23383C82530DF5680FB461DE7505D8B5F305B66EDDEDC9DDDDDD8F571FFBFB533D3D3D0BDD6EF70DE5E5E539E5E5E55A346D5F216E016C361B272252F39F70E7999A308B6DD16304C638749C8331869E9E6ED4D5D760706810EBD6AEA39DDB9F476E4EAEBFB6FE8B1D1F577DF44030189C2F4952D1BE7DFB66C41BEF97895B008BC5A254002215C0A25570991932755A4C1082730E1DD741C7396459465B5B2B4E9F3E0593D98C9F3DF273B6E5895F326258BDFFDDBFED3A7CF8D0772C16CB9243870E2D3F72E4883DEECC55E216409224CE1823A696002365AE5F5E05B16910591922C6C8B90E5C1581318691911134353522106843D635D9D8B67507BFF79EFB6C4DCD4D1BFEF0EAEF7F555357B3D46C36AFAEAFAF2FACADAD355C7501A21E1019907330C6C11903673131621EC0406A3510E3E03A06AEE38A108C8171E5DCFEFE3E349E6940FFC57E14179562F78B7B687E41C1EC0307DEDDF2F2EFF66CBC70A1639124496B5B5B5B3D4208FA77314EA90076BB9D31658D53068C24A15640C410A315115D0D485D1AD529A38AC054E188388410E8ECEC40E399D32062D8B46933FBCDAF9F261DD72DDEF5D20B4FBFBEF7D5B5269369D9C0C0C01A21C4A4AA41130FE08C45EF0045CB9BABD510990A2C3605188FAD068CC019577D43F795268A11C3F8D8285ACE9DC5B973CD983E7D069EF9CDB3BC6CE366634D6DCD1D9BCA36EC7EEFBDCA1B01F82613BF2E5E01221E401113640C8858626C66447B808810C40884094B2308619281B00E4296218480100244802C18200494478E0A7ABD1E8C29F76F6464443FD9F8E316C06C3673C678AC021845938F24A86A7399094612872A1D118BBE4726822C872104204030E9F448499906ABD586F6401B76ECDC1E6E696991AFBB76DE5FCA1EDC5C2949520040CD5511C06AB572C50362495224F9E861651F40D41019A99542A4FC1F0027AE8A010808302238935C484A72627838883DAFEC169595FB292323E3D8965F6C79D3E3C9E900F02980534434A9670B710B60B15814015408AAC3ABF360629903881AA2729E9A3C01421040029C3804080E8B154EA70B00E1C3431FE0C5975E1036AB2D70EFDDDF7F6DD5AA550D00EA001C25A2B81EB369268010EA0DB82C69006A5F00527A04E594CB974645040180A0D3EBE1B63B603018D0D474065BB73D17EEEDED1D5BB268C9DB1B373E788831D60EE03011F5C51B3BA099074C5C0562777AE2068A8942146B92221540C460B1D8204912060707F0FCAE9D72D5918F698EC7F3D1A38F3CF6A7F4F4F42E0055447436DE9827A28907701D8FF60114F9435F1241757DC662733FB26F3649B0582C088765ECAFAC102FBFB20729EE94A6B2B2875E5FBA64693380E3008E1391E69F0A35F7002194252D26C404538C56832280C16084D56A05631C0DA74FE1D9E79E098F8E8E0CAE5CB9B2FCBE7B7E70144033808F896830DE38FF159AF501B1230213EC40F501F5B55A253AAE87CD6683D168425F5F2F76EEDA11AEADAD15DE3CDFFE8736FFE4AF76BBBD0BCA3C0FC41BDF7F226E01FE393264C14102882C4EA476CB56AB0D168B15E3E3E3287FF30DF1C7B7DEA4993366D53CFAC863E5F9F9F90100D5006A89E88A3C1BD44C00212BF10A0808104828952084003182C96482DD9E04C618AA3F3B8AED3BB6C93ABDAE7BFDFAF5AFDD76EB77EB003400F8848846B48AE9EBA07D050800424090801032F47A139C4E174C263302E703D8FADB67C3ED81F650C1BCC27D659B36BF67341A3BA094FB05CD63F91A682E802C6490503EC4389DC970381C080683D8BDE745B9F2DD4ABA262BEB9327B73CF94E66665607804F89A841EB18FE1B34174008019BCD01B73B0500F0FE0707B07BF74BC2EE70B4FEF8870FBC565C5CDC04A56FAF26A2ABFE630AED0450CDEE1B1999309BCD686C3C8DADDBB686072E5D1A5EB6EC86B7EEFFD1FD558CB173509A997ECDAE1B279A57C0C8C830B6EFDC261F3BF619E6E6CE3DF0C4E35BFE9C9292D205E00811356B7DBD78D14C808ECE0EBCFDCE5BE28DF2BD346D5AEAA9871FFEE9DE85DF5CD80AE073002788E87FE62BF1896822C0E0E025F7FB070FC06AB5F6DD72CBAD7BEFBAF3AEE3001AA198DC9475715AA08500975C4E777B6666D6170F6E2CABB45AADE7A194FB9477715A30E9A7A9118410E9C3C3C3CBCD6673188ABB9FBC525D5C820409122448902041820409124C967F00C3F0039AD74A33E20000000049454E44AE426082,'2015-02-10 14:05:08','2015-03-09 11:34:46'),
 (6,1,'5th campaign','description descriptiondescription',0xFFD8FFE000104A46494600010200006400640000FFEC00114475636B7900010004000000370000FFEE000E41646F62650064C000000001FFDB008400070505050505070505070A0706070A0C090707090C0E0B0B0C0B0B0E110C0C0C0C0C0C110E10111111100E1515171715151F1F1F1F1F23232323232323232323010808080E0D0E1B12121B1E1814181E23232323232323232323232323232323232323232323232323232323232323232323232323232323232323232323232323FFC00011080060007203011100021101031101FFC40094000001040301000000000000000000000000020304050106070801010003010100000000000000000000000001020304051000020103030105030906040700000000010203001104211205314151711306618133A1B1223242D214160791C1E1527223D1928393F16243537334151101010002020104020203010000000000000111021203132131510441617181F0221405FFDA000C03010002110311003F00F48D023733FD5D0761340DED935FEE0BF76DFE34C08AD9532C9B34F1AB7157253E4CA82EC7C2C2935325ACB23206DD6BF611FC6A789C8BFEF15DDB87B34FE355C26523CC94756B7BAA78A392BB96F51F19C1A2BF299B1E387BED0DF59ADD76A8249AAED8D7DEAFA4BB7B473FE4FF005EF83C079D60C2C9C85885D1C858F79BDBEA925947B48AC6F74CFA379F5B66380FD7DF4FF3921C238D3E372240F2B15CA3091AFF005524B8171D75ABEBBCAB75FD5BB6D8CC8E9A996EE8AE181B804DB51A8E97AD78B92DC53D1E582406EDD2FEDEEA8B1394B06E2E2A0140894DA363EC3411A2C8B6A5C1BF551DF56C232CBCEBB0AC675F034C061636BB3BAB3696D45AF53946189D0CA14047BDC5ADA6BEFA4A587BCC900DA23BF71D34A64C14ACF6DD617B58027A5424DC9B821706EE3A0ECB54A1E7DFD53C89794F5EE1713912B089E245451755543B9A436EDD4579BF737B2E7E1EAFD2D2716A9CCF0D810CA530A478E16B0914B1D76F4AF3677D7A9E095A0F3F027159B0CD113E62481C6A45D06BD7AF515E8FD4DF9CAE0FB5AF8ECB3D1EC9F4D64E14DE9DE372B0088B172B161C88D59B730F39039DCCC4966D7526BD3D6FA3C7ECDAEDB5B7DD365C80AA4ACA1D815D011A5DD47414D95D57F8CC5A2527BAA8B1DA06E7F84DE06829FCCF2EE64744D4D896B694E48C199396C4889BE544A7B403BBE6155BBCF95A6B4C3FA87196D6C9BF7ED527F7556F645B8530DEA5807FD476F05B0F9EA3CB0F1D21BD490774A4FB87EFA79A27C54CB7A922EC8E4FF3545EF899D34C3FA812C76C2FDBD5EA3CF13E1AE6FCAE571FCB7ACE44774C6C9C0E39FC999D833AB4D65DC076ECBFCB5E77DAEDCDFD3D4FA9D78D7F796A595C3CE9C5C929E6E39F21E56114CCA059076EDEA7C6B8F3AE738F4F87A726DECD4BD5BC4E4341C4F1EB2A67723932189248868C0DACB617ED6AEEFA7B4E56CF48E1FBDA59AC97DDE87E3729B8AE2703883023FE071A2C6DF7EA624084F4ED22BB677D931878F7AB373959F139A99334D1AE3A4564562CBD4DA5416AD34EDE5718537EBE33DDD0713E02F856ACCFD0373FC26F03414B99C6616705FC4292476AE9D6AB64A9970AC97D3180C418A492E3A76DAA97AE55E6F51A6F4E42A6C1C903B48A8F0C4F9083C04606B2127B00151E189F20FCBC19BEB9D3A54F861E561F80201FA6C0F403434BD27950F90E3A2C0C49B2E5760B123393A5B417D6A9BF54D6656D37BB5C3CA9C87AB3320F55E472C97943978E58DBEDC4FA32FC82D586BF5E6FD58BF976EDF62F576CB27B36E9B2BD3391C6439589CA3AC4A967C22CDF88573F5A35ED504F60D3DB5C7E3DE5F59EAF634EFD76D6FA7F9FC2DBF48781C8E7BD493F2D3208F1F06164C25600DA47216E3FE6DB5D9F5FA65F49FDBCCFFD0EFBE99FE9D91B80C8DC54BEA3A922D7AE9FF9DE5F95278DE326C29659646B86455B7B4CA87F755B4EAE372AEFBE637DC4F80BE15AB33F40DCFF0009BC0D05389630CC3CB26C6C49D75F603554B12E605D1548ED3AFF00854653834725182B3DC6EE87B2C7DA6A728C0FC4457B6A2DA1BD4E53867CE8FBFD94CA304364C0B7B9D28342FD4FE6CC7E9BCEC6C3FA72081CBAFB586D4F78BDEB93ECEFEDABBBE9F5FAF2797BD3588733D4FC5A4C7E89CB80CAEC377D1320EA3B6B5E5244EDD76EDFB7A27D63E82F4FE371B9DCD616062E1491A31FC479762CCDF6BCBFAA00EBD29DBD5CA7C43A3BEEB71EF53FF48F819B03D331E7E5234673E593222DFF005841237D0561FD2A0D6DD1ACD75F473FD9DB3B37DCEC94F2966BEAA7693DE2B5D9CF843C7C8F38C83D8A41FF00512B3CA70DCB13E02F85107E81B9FE13781A0A39A6F28EE62156F6D6DADFA552D5A1869D49B85BB76E94498791036E03737793DBDD501A926726DDA7BBB2993069D1186D72C45BA0B83AFB454A70C3AC6C6E56F6A8C92353F56F18D9B85C836823115D6C2C6E8081FB4915C9D9AE76B5DBF5F6C491C27F4FF019FD4B89214DF86B93E4CADD8F22AB320A998B665D3D9E92E1E83F5514E4F888B8B8C175CBCAC782DA93B1CDCDFF00A56F5D9DB33AE1E7F4FF00AED9FD3629A438FC7AE36102A111514586DDA2CBA6EE9615BC8E7FC919319182EC4E8A54FCB51B7B23F28BC7316965D4DB62E9FEAA565295BE627C05F0A941FA06E7F84DE06835A9A540EE19EE771001B69626A95788B2642AA900EB6EB55CA708CD3ADF7315F1A8CA48925806A4903AED5BDCFECA5211E785B1562076036141839249BEEB9F1A65383C9C7AF21C665315DDBD847B89D0587F2DB5EB56D7AE6C99D975AD6389FD3EC2C04C74E3E110E3439E732624DDC9552A07B6E69E09318697EC5B9CFC364C8E34CB938B3AA90229FCDEEE88C3F7D69B4F58CB5DBD2FF0B2E5CC6304955B96742546973B877D6B189ACDBA71933589FA3D9ED235F75576F6A99EEA9E25CB644C0DFE1AEA7FF2C758EB56D9D0B13E02F855D43F4099177211DE28341E699F07324122DA39199D1EC45C137B5FBC5ED586F715AEB32AD7CF4523CDBA29FB6586CBF75539C5B89B9B210A5CB590F681B8EBDC2A2EE99A9432542291A2696041E9EFA7338B3F884D6C35A9E67163CF8EF6F929C8E2B9F4FCA645C98469A2B804DBB483DB5B74ECA6F16F85123C12297B5E46257D9A57433C9ED88BF4635047526F7F9E88CA1666DF26594DBE80FA37E97BD5A0ABE732DA1E39D50DF7909603520EA7E6ACBB2E355B49EA8BE9DC49C96C991595660A90AB0D58060ECFFD236DBFE158F5CFCADD97F0E898CA562507BAB5667680A08399C74794A558021BAA900836E97074A582A9FD371BDC148883D8628CFCEB55E13E13CAB1F96D7F963D3A7F6A3FBB4E13E0E547E5B506E163BF7F951FDDA709F072A3F2E2FF002C7FED47F769C67C1CAB3F9707747FED47F76A78CF83952A2E01E062F0958D88B1648E3536F72D2493D8B694BC2CE8ED2AC81647B6F708818DB4173B6AD9417FFC9CCFFBE7FCABFE14C849E1B248B196E3B8AA7DDA6425F8169401315700DC068D0EBDFAAD45F54E53F138B485FCD725E43D59B53442C40B0B0A0280A0280A0280A0280A0280A0280A0280A0280A0280A0280A0280A0280A0282B7D439B2F1DC2E666406D324768C9EC672114FB8B505672DC663709C41E4F09766760EC95B287C49ACC04A266EAE1C13D7DD413A5E1D737949F37951164E0A468B858F20DC886C4CAEE8C36EE27A1D74A067D29279B8794D0966C11972AF1E5896FEC0B01B49FB3BB75A82F680A0280A0280A0280A0280A0282272B809CA71D93C7BB6C13A140E3EC9EAA7DC682AF2A1E5F96C18F89CAC4300728B9D9664468D910866F242B1725F6FDA516BD02BD40396CB29C762624C7024FF00DDC985E112325B58A359244B6EE858FCB4167C7054C4489311F0A3886C8E073192154684794F20F96F412A80A0FFD9,'2015-02-10 19:53:00',NULL),
 (7,1,'new one','new onwe',0xFFD8FFE000104A46494600010200006400640000FFEC00114475636B7900010004000000370000FFEE000E41646F62650064C000000001FFDB008400070505050505070505070A0706070A0C090707090C0E0B0B0C0B0B0E110C0C0C0C0C0C110E10111111100E1515171715151F1F1F1F1F23232323232323232323010808080E0D0E1B12121B1E1814181E23232323232323232323232323232323232323232323232323232323232323232323232323232323232323232323232323FFC00011080060006503011100021101031101FFC4009E00000105010101000000000000000000000003040506070208010100020301010000000000000000000000000402030501061000010303020403050702010D0100000001020304001105120621314113512207718132521461C142231545169133B1A1D16272B2C2E25393A3347436081100020102040405040203000000000000000102110321311204415191156171A15233324213058122A22314FFDA000C03010002110311003F00DD333B89AC72FB29495BA45C01C00F69A4375BE8DA7458C86F6FB47715724412B79C917BC600F8172DFEE527DD65ED5D46BB747DC27FCE1ED24862EA1D3BBFF0577BACBDABA876E5CC66BF515F6C9D7192848E04A9EB713C07E0F1A92FD9CBDBEA1DB97323D9F569E5BCE4676106DE69C2DAD05D3716EBC5BA93FD8C97DBEA73B7C798FC7A8D2542E9880F1FF9DD3FE9D43BA4BDBEA77B747DC56B37EB66620C87636370A996A607E715482917E764D9A3CA98B5BED58C950AE7B0A64C848DFF00E89CFADC2646DC4861BE2F2DB94A2523DEC8157CB72A9866551D9BAE25C319EAF0CAC74488914292A1C477B8857CB6EDD253FD8CE2E8E3EA311FD7C5E521C4AF5272D1D274E3429C02E11DE3FE3DBA3B9CBDBEA5BDAE3EEF42017EB9E4223A3F50C40698BE85B897C92957FA492D8AB56FA4F24553FD7A8F1345DABBDF1FB92387E2AB88212E367E24A88BD8DBC7A1A6ECDF5717888DEB2E0CB5F7068D7D2AF2932FDC2F1FD5E4D95C2E907ECF224FDF5E637BF348DFDAFC51215E907E1BFB3AD2C8606CB70E92126CA152A1C1BA9C094DD2869C78AD0017F8A00278909E6A3575AA549C5A5988E6F692724A7F238A712D4A54BB07751EC90A6B52C136E8A4D32A29A17BD2A4BF813FA4CCE19CFA2CA47ED3FA0149B8536B0AF8549713C0834BDCB4E2F13B6EE292C090C3EDEC661D94E73340BCF4836170A5210A5AAC6C003F11F1A9A4DE08B1C9444B77318D4B326334D36D3A13C5A094A4DEDC7875A28D624E2D3C0CD3D398D9277734A83150A5B2CA92EBE01034A355B558F3F7533B949C13E22B6935724B81BDBACC14B6187C24C850BA5238AF873E14AA4309BA9937A941A771EE2E2047CAE1046A3E1C39F4ABACFD44371F4897A05909472D9684F2894B315A71209BD95DF4A6FF00D146B5ED4129551897A4F4D19E9AEE2BF4FD5D6D4C0B1976E8774E6A5A4137BA3D97EDA6BCCEF3E69799E836BF144832EE93651F352E91709974AD3E622C3978D480F8D4D5C579B90D9B3ACAD2B6C90080A49B8B83CEBB16D3AA23249AA325F19BBBF51969819F0DB014A298AF3280DB3E73C414720A3E279D3F0BBAB3139DBD391A2C96A0CB434A2DA1D6DB4165E8CB16D4CAADE5B1F948BA69B6931555457722E4AC237F4F19832E392A5C5710A00A9B1C7412BE01C04DBEDA46E5AD2FC0D3B135733C245232B35270F37293E216A4EB516BBFA14B164D8849474245AA1A5D6898DD1275E485BD35F4E158080FEEFDC6F2BF539CC29EEC24D9B65957E600AF995C07B29DB914E34E08CD8DC7AEBC5BC4B5653238C88CA730B8C3EA90D9287C3256F84AD22E94A059573D6927274A0DC2CB6F9940CA6165E67048670B8E2F6527209594B412E9E24052EFF00B1FC46A76EAE54E476F28C62DE433F4AB646E5D91BB7290F7145EC9938E6DC8EEA161C6DC4892DDECA4F51D456D5B92679EB899E87FDB7DDF755A5464FBB14B39D9B73C029161D7FB68AF35BBF9A5E66FED7E28904A7137B281045505E70E38948BE9E26848E0DCBA788572E75348E3624E68706950B835622B66D9B49A6B21B63172ADAD4584A16959FC4DDD0AF373E69AD4B4AB14CCBBB2A4DA245E8A14D961E405A2C4145AC403E02A4E3C19D8CB8A2097B670DDB2C9808774057E63AAD42CAEA02AE7574AA7F1A59218FF00A26F364F180D223B4DA941C8ADA129710A00A4A40B58240AB9C7A0BABAEBE224FC7C59792568428A858D93E6B8FC355BB70E45D09DDA1F624765725288ED86A321055A1234EA572F378D4E115C322BBB29258BAB23B304AB22E7751E64C74769CE8417D1AD3EEB0ABAD7D7FC14DC4B461CC9CFDB7DDF75342C647BADC6D3B867070A479916E3757F691D2BCDEEFE691BDB5F8A257D6E1D5706F5450BC456E6B07C475BD76872A3575F238037FB2AC488B6345651964953EA0129E2ABF878D5AA2D95391E91DBD8E671983890A32B5A10D25697071D457E72A1ED26B4EDC34C6864DC9EA9547BDCD5E5752350F1A9069E424E4769D06E81CB993C09B545C6A4949A233051DB4C79EE3A9525E7A4B8874ACA87945908D37FC36F0AE4322771BD48748C7B4A085B84A88E66F7BFB3DB428A2C77DAAA4394B71DAD6B8C928591A4937B0EB600F0A961C0A6B2799539FB853233D236F9214E33151217637D20BEDA40F7D4AC3AC985D8522996AFDB7DDF75362A629BD1E6DADCF90054917522E39AAFDA47203EFAF39BB5FED91BDB6F8A240F7D3CC7155505C22B7C84937BDFAF4A9238444D9850A55CDBEC15741154995B90E3F93909811CF99D24152AE4253F89440E82B436F6AAC4771774A2FF0096DD5BD1CC5C2C20CD49C6C284D21B429A096A4BA942404975DE7D3801EFAD38DA465BB8CE313BDF7DE17B6DC3CCC99A970A8699FA24DC83C0275A42873F1A84ADC6B42719BA54B9623D49CE4790D1DE2F4679A49BAFE91B2D04257C05D254AD6473AAE762B8975ABF4C2999A90782C25E61CB25C48521C1C52411717FB0D2B51C51E0D09C095354CE890DA1B790487037F05EFCD37FB2B916C95DB70AD53C08BCF6E691866DF5C964A213653A5E3C756AE7CAE471E1554EEC93A5302DB5B6849275C4CDB69E44E5FD47DCB3F4388498311080E023877D0AE00F2E74CED9E3D45B750A2A7236BFDB7DDF753A2079AF7CE59A46FECD4569C2B752F2029A4DCA85986CDEDE158DBBB4F5B7C0D7DADD5A12E24637934AEE54AE3E0781F7D24E23898A2A5A2DAB5802C6F7F0A2804349392CA2C358584F4F749B6A6D36693FEBB87CBFE5A66DC52C64F4A17B93E1155658B66EC9CEE164BB91C9A10FC99161D96FCE5005C803A5AF4FEDF756DD62B04676E76F3A293C59D6E041765246412E3296AF7617748BF8AAC38F0AD18C935542124D60C9CD83B2E66E7C8B590214CE0228521C755E50560FC2C5FA91C09E9555EBAA3E64E10D45DA667FD28772DFC097150ECD717F4C3F216525DB7C3F5238EAFB6F48FE493C46D5AA6659702DA23818C44A5BD1628D2DA5E00A8200B846B16D5A470BDAAA84F531C78472C798F5B9D1643D2648514B71CF682AFE42AB6A51F75754D36D9276A5149717899EE577FE3F2C899855D95219D42E4582ACAF2A87B3855329B6351B2A18A2B3E96E61CCE6E2CDCE72DFF8E86D007CADC9427FC69BDB4693A7808EEE5AADA7E26F9FB6FBBEEA7CCC301F51BD1F9994DEF2770B3A971268429E4367F352EA469BA4754E903952BBA9CE31FEAAA31B78464F1741C627D2BC7C76C77E14E789E7DD2F7F9AB1E73BAFEDFF0013562ADC78FA9618DB2B131000D60C1238DDC616E9FF00B81555357793E84B5439AEA4AA71B2EC12888EA10392434A03FA5AA3F8A7C9F4677F2479AEA396614861952BE99E0A5DF500D2EE6DCBA53366DCA993E82D7E69BCF02B9967776C0833672708F4E8CA00AA1067B8B213CF4A0837BA7FAD311B73F1454A50A32F1B6264991B6E0A9BC5AB1ED38CEAFA375A536A4151BD8B62D6F655949F144296D712324C44419EC6523E2BBF32115B8C5A394A41524A5562848B120D56B5A797A12728C951E0BCCA9E0B73EF7CC6F67F2D3B0136360432E31101616852755895AD0A009B94F4AEB5A79D7C8BA14A52AA9E65972D9D441C2C9ECE3A72DE71D500D888F6A24A479AC106E3EDA851B54498C6A8B955C9512E679D7378FDF0ECF7A4C1C16487702825E5457D362BF895C5207F5A6AC5854FEC2BB9DCBFB72356F47766E4B0308B9916FB72E525014D021450DA4EBB2C8B8D4A571B74B5336EDBD4E4C4EEDD4E0A2B81BB764FD0F6FADAAF163A978F6650B2D20D00452B6BC3249D228039FE2D13E514007F1689F28A003F8B44F945001FC5A27CA2800FE2D13E514007F1689F28A003F8B44F945001FC5A27CA2803E8DAD13E51401230F131E27C091400FF0048B5BA5007DA002800A002800A002800A002800A002800A002800A002800A002800A002800A002800A004663FF004B0DF956BF65B5B96F1D092AFBA802BCD62597B6E8C939C72CE47FACFAF1FDE0E94F75202F9E81CB4F2B5003F7847CC6DD44B98CB6E972207C25690A4A56A6B55D215D45F81A00576D7FF3F8DFFD66BFD91401274005001400500140050014005001401C3CD21F65C61CF81C4942BD8A1634010088F9B670FF00A0A236A712D98ADE40AD1D90CDB425C29D5DCD6947E1D3CFAD004B2A1F671271F1C6AEDC72C340F3364684F3A00E30719E878783164A743CCB0DA1C45C1B2929008B8B8A007F401FFFD9,'2015-02-10 20:11:31',NULL),
 (8,1,'6th one','ya 6th one\r\nasfdfs',0xFFD8FFE000104A46494600010200006400640000FFEC00114475636B7900010004000000370000FFEE000E41646F62650064C000000001FFDB008400070505050505070505070A0706070A0C090707090C0E0B0B0C0B0B0E110C0C0C0C0C0C110E10111111100E1515171715151F1F1F1F1F23232323232323232323010808080E0D0E1B12121B1E1814181E23232323232323232323232323232323232323232323232323232323232323232323232323232323232323232323232323FFC00011080060007203011100021101031101FFC40094000001040301000000000000000000000000020304050106070801010003010100000000000000000000000001020304051000020103030105030906040700000000010203001104211205314151711306618133A1B1223242D214160791C1E1527223D1928393F16243537334151101010002020104020203010000000000000111021203132131510441617181F0221405FFDA000C03010002110311003F00F48D023733FD5D0761340DED935FEE0BF76DFE34C08AD9532C9B34F1AB7157253E4CA82EC7C2C2935325ACB23206DD6BF611FC6A789C8BFEF15DDB87B34FE355C26523CC94756B7BAA78A392BB96F51F19C1A2BF299B1E387BED0DF59ADD76A8249AAED8D7DEAFA4BB7B473FE4FF005EF83C079D60C2C9C85885D1C858F79BDBEA925947B48AC6F74CFA379F5B66380FD7DF4FF3921C238D3E372240F2B15CA3091AFF005524B8171D75ABEBBCAB75FD5BB6D8CC8E9A996EE8AE181B804DB51A8E97AD78B92DC53D1E582406EDD2FEDEEA8B1394B06E2E2A0140894DA363EC3411A2C8B6A5C1BF551DF56C232CBCEBB0AC675F034C061636BB3BAB3696D45AF53946189D0CA14047BDC5ADA6BEFA4A587BCC900DA23BF71D34A64C14ACF6DD617B58027A5424DC9B821706EE3A0ECB54A1E7DFD53C89794F5EE1713912B089E245451755543B9A436EDD4579BF737B2E7E1EAFD2D2716A9CCF0D810CA530A478E16B0914B1D76F4AF3677D7A9E095A0F3F027159B0CD113E62481C6A45D06BD7AF515E8FD4DF9CAE0FB5AF8ECB3D1EC9F4D64E14DE9DE372B0088B172B161C88D59B730F39039DCCC4966D7526BD3D6FA3C7ECDAEDB5B7DD365C80AA4ACA1D815D011A5DD47414D95D57F8CC5A2527BAA8B1DA06E7F84DE06829FCCF2EE64744D4D896B694E48C199396C4889BE544A7B403BBE6155BBCF95A6B4C3FA87196D6C9BF7ED527F7556F645B8530DEA5807FD476F05B0F9EA3CB0F1D21BD490774A4FB87EFA79A27C54CB7A922EC8E4FF3545EF899D34C3FA812C76C2FDBD5EA3CF13E1AE6FCAE571FCB7ACE44774C6C9C0E39FC999D833AB4D65DC076ECBFCB5E77DAEDCDFD3D4FA9D78D7F796A595C3CE9C5C929E6E39F21E56114CCA059076EDEA7C6B8F3AE738F4F87A726DECD4BD5BC4E4341C4F1EB2A67723932189248868C0DACB617ED6AEEFA7B4E56CF48E1FBDA59AC97DDE87E3729B8AE2703883023FE071A2C6DF7EA624084F4ED22BB677D931878F7AB373959F139A99334D1AE3A4564562CBD4DA5416AD34EDE5718537EBE33DDD0713E02F856ACCFD0373FC26F03414B99C6616705FC4292476AE9D6AB64A9970AC97D3180C418A492E3A76DAA97AE55E6F51A6F4E42A6C1C903B48A8F0C4F9083C04606B2127B00151E189F20FCBC19BEB9D3A54F861E561F80201FA6C0F403434BD27950F90E3A2C0C49B2E5760B123393A5B417D6A9BF54D6656D37BB5C3CA9C87AB3320F55E472C97943978E58DBEDC4FA32FC82D586BF5E6FD58BF976EDF62F576CB27B36E9B2BD3391C6439589CA3AC4A967C22CDF88573F5A35ED504F60D3DB5C7E3DE5F59EAF634EFD76D6FA7F9FC2DBF48781C8E7BD493F2D3208F1F06164C25600DA47216E3FE6DB5D9F5FA65F49FDBCCFFD0EFBE99FE9D91B80C8DC54BEA3A922D7AE9FF9DE5F95278DE326C29659646B86455B7B4CA87F755B4EAE372AEFBE637DC4F80BE15AB33F40DCFF0009BC0D05389630CC3CB26C6C49D75F603554B12E605D1548ED3AFF00854653834725182B3DC6EE87B2C7DA6A728C0FC4457B6A2DA1BD4E53867CE8FBFD94CA304364C0B7B9D28342FD4FE6CC7E9BCEC6C3FA72081CBAFB586D4F78BDEB93ECEFEDABBBE9F5FAF2797BD3588733D4FC5A4C7E89CB80CAEC377D1320EA3B6B5E5244EDD76EDFB7A27D63E82F4FE371B9DCD616062E1491A31FC479762CCDF6BCBFAA00EBD29DBD5CA7C43A3BEEB71EF53FF48F819B03D331E7E5234673E593222DFF005841237D0561FD2A0D6DD1ACD75F473FD9DB3B37DCEC94F2966BEAA7693DE2B5D9CF843C7C8F38C83D8A41FF00512B3CA70DCB13E02F85107E81B9FE13781A0A39A6F28EE62156F6D6DADFA552D5A1869D49B85BB76E94498791036E03737793DBDD501A926726DDA7BBB2993069D1186D72C45BA0B83AFB454A70C3AC6C6E56F6A8C92353F56F18D9B85C836823115D6C2C6E8081FB4915C9D9AE76B5DBF5F6C491C27F4FF019FD4B89214DF86B93E4CADD8F22AB320A998B665D3D9E92E1E83F5514E4F888B8B8C175CBCAC782DA93B1CDCDFF00A56F5D9DB33AE1E7F4FF00AED9FD3629A438FC7AE36102A111514586DDA2CBA6EE9615BC8E7FC919319182EC4E8A54FCB51B7B23F28BC7316965D4DB62E9FEAA565295BE627C05F0A941FA06E7F84DE06835A9A540EE19EE771001B69626A95788B2642AA900EB6EB55CA708CD3ADF7315F1A8CA48925806A4903AED5BDCFECA5211E785B1562076036141839249BEEB9F1A65383C9C7AF21C665315DDBD847B89D0587F2DB5EB56D7AE6C99D975AD6389FD3EC2C04C74E3E110E3439E732624DDC9552A07B6E69E09318697EC5B9CFC364C8E34CB938B3AA90229FCDEEE88C3F7D69B4F58CB5DBD2FF0B2E5CC6304955B96742546973B877D6B189ACDBA71933589FA3D9ED235F75576F6A99EEA9E25CB644C0DFE1AEA7FF2C758EB56D9D0B13E02F855D43F4099177211DE28341E699F07324122DA39199D1EC45C137B5FBC5ED586F715AEB32AD7CF4523CDBA29FB6586CBF75539C5B89B9B210A5CB590F681B8EBDC2A2EE99A9432542291A2696041E9EFA7338B3F884D6C35A9E67163CF8EF6F929C8E2B9F4FCA645C98469A2B804DBB483DB5B74ECA6F16F85123C12297B5E46257D9A57433C9ED88BF4635047526F7F9E88CA1666DF26594DBE80FA37E97BD5A0ABE732DA1E39D50DF7909603520EA7E6ACBB2E355B49EA8BE9DC49C96C991595660A90AB0D58060ECFFD236DBFE158F5CFCADD97F0E898CA562507BAB5667680A08399C74794A558021BAA900836E97074A582A9FD371BDC148883D8628CFCEB55E13E13CAB1F96D7F963D3A7F6A3FBB4E13E0E547E5B506E163BF7F951FDDA709F072A3F2E2FF002C7FED47F769C67C1CAB3F9707747FED47F76A78CF83952A2E01E062F0958D88B1648E3536F72D2493D8B694BC2CE8ED2AC81647B6F708818DB4173B6AD9417FFC9CCFFBE7FCABFE14C849E1B248B196E3B8AA7DDA6425F8169401315700DC068D0EBDFAAD45F54E53F138B485FCD725E43D59B53442C40B0B0A0280A0280A0280A0280A0280A0280A0280A0280A0280A0280A0280A0280A0282B7D439B2F1DC2E666406D324768C9EC672114FB8B505672DC663709C41E4F09766760EC95B287C49ACC04A266EAE1C13D7DD413A5E1D737949F37951164E0A468B858F20DC886C4CAEE8C36EE27A1D74A067D29279B8794D0966C11972AF1E5896FEC0B01B49FB3BB75A82F680A0280A0280A0280A0280A0282272B809CA71D93C7BB6C13A140E3EC9EAA7DC682AF2A1E5F96C18F89CAC4300728B9D9664468D910866F242B1725F6FDA516BD02BD40396CB29C762624C7024FF00DDC985E112325B58A359244B6EE858FCB4167C7054C4489311F0A3886C8E073192154684794F20F96F412A80A0FFD9,'2015-02-11 15:45:23',NULL),
 (9,1,'7 thone','asfadsf',0x4749463839615B001600E60000FFFFFFFF0000FF3333FF9999FFB4B4FF3C3CFFD2D2FF1E1EFFF9F9FF0C0CFF0303FFDBDBFFC3C3FFF6F6FF0606FFEDEDFF8484FF1B1BFF6363FFF3F3FF9696FF1212FF3F3FFFD8D8FF4B4BFF3939FF7B7BFFF0F0FF7E7EFF0909FF2D2DFF1818FFE4E4FF3030FFCCCCFF2A2AFFDEDEFF6969FF5757FF8A8AFF4E4EFFD5D5FF9F9FFFFCFCFF8787FF5A5AFF4848FF1515FF5454FFBDBDFFAEAEFFE1E1FFABABFFC0C0FFC6C6FF6060FF7272FFEAEAFFA8A8FF6666FFBABAFF4545FF8181FF8D8DFF2424FF6C6CFF6F6FFF3636FF7878FFB7B7FF9090FFE7E7FF5151FFCFCFFF9C9CFF4242FF5D5DFFA5A5FF2727FF2121FFC9C900000000000000000000000000000000000000000000000000000000000000000000000000000000000000000000000000000000000000000000000000000000000000000000000000000000000000000000000000000000000000000000000000000000000000000000000000000000000000000000000000000000000000000000000000000000000000000021F90400000000002C000000005B0016000007FF800082838485868788898A8B8C8D8E8F909192913C3B02979802181C3983129999191A13871040278708142DA097030B9A8B1B1028AD020C491035860D2D01BFC0C1012F048205C2C2230D850CC00C850B1EC8BF07130601078A3111D3013D00311A328641C34A2485080CBE1D0B00C7C58531D2A88308400119012308F621011E087432742D1BA2231502A060B0CCD0061B330A8908E0E0822221DEDE058857888642421C028440F0CFC7A01FFBFA212A988849001892429658F420808209F00E9D7839E8820305500034AB286849001D8A58224A1040C380A7509F3649B42380114607022C809722EA00130A021419746CA62009010A0872122045526C88F41A740346215148218B1A7450B001DE0AB4C11440184421400452821E241C00401FC7434A0F31F5E1F5A90A4536022440978848000B1AE341F8E5420567002012EAF88429610510A305A8840C17119200662361304C6383A10B386CEECA29488583002C08990880018088B0C24C3CE06681C10ADA06211F97E016D28321737F29601C9A100FA637FA11D0ECCE1008A604447C987BE3DADC040B6474985B37912A184F08E34006411840D6468518309F053370931C222C1836C1031AB8F082301F3CD0800B73FD20C8023858C05430055C37C98928A6A8E28A2CB6E8E28B30C628E38C34D668E38D38E6A8E38E3CF6E8E38F840402003B,'2015-02-12 18:48:32',NULL),
 (12,1,'ssssffffffffffffffff','ssssssssssssffffffffffffffffff',0xFFD8FFE000104A46494600010100000100010000FFDB0084000906060F100D0E0F0E0E100F0F0F0D10100D0C1010100F0F0D0F1410171516101514171B281F1719231914141F2F202527292C2C2C151E3135302A39262C2C2901090A0A0E0C0E190F0F172A1F1E1C2C292929292C2C2C29292C29292A35292C2929322C2C292C2C29292929292C2C2C292D29292C29292C29292929292C2C292EFFC000110800CC00CC03012200021101031101FFC4001C0000010501010100000000000000000000000102040507060308FFC4004E1000010301020707110507020700000000010002030405110612213141517107131422617491161732333452535472819294A1B1B2B3D124354282D22325436293A2C16475154465A3C2E1F0FFC4001A010002030101000000000000000000000000010203040506FFC4002D1100020102030703040301000000000000000102031104123113213251527191223341142361B10542C124FFDA000C03010002110311003F00DC508420010A354D6B58092732E3ED1DD5286279636532B8676C0C74D7725ED177B52BD89462E5B92B9DCA166FD77A9BC1D57AB488EBBB4DE0EABD5A44B32E64F6153A5F834842CDFAEED3783AAF56912F5DCA6F0555EAD22334798F6157A5F83B8B5ED6653C45EF39066032927401CAA829B092AA67E2C31424F83352C0FE8BB3ECBD71969E1BB2BEA228636CCD0D0F91DBE44E8C7145C33F295515F6F360A9C41BF07C6C6BDAE8A373F15E728378D813BAD486CE57CB677361B26DA323DF14AC745347763C4EB8E4399C08C841D6ADD65355BA0C625B3EA8B26267B3DC646C713DE416CC5B710337183D58F5D783C0D67AACBF44B32E64951A8F7A8BF068A859D75D787C0567AA4BF4475D783C0567AACBF44668F31EC2AF4BF068A859D75D883C0D67AACBF449D7660F0357EAB2A3347987D3D5E87E0D190B38EBB74FE0AAFD56549D7769BC1D57AB488CD1E61F4F57A1F834842CDBAEFD2F7955EAF224EBC549DE54FABBD1997316C2A74BF0694859A75E3A4EF6A3FA0F4F8F765A2BF8DBFB46B303EE08CCB986C6A74BF0690854162617D355B71A099920D38A72B76B4E51E757AC7823229156839084200146ADA90C6924DD91495C36EA968BA2B3E56B0DCE94B2069D237C70693D17A4DD8946399A4BE4E1B08B08A5B4A57B5AF2DA163886B5A4835641BB1DC7BCD434E751A1A763000C68681980170453C218C6B5A2E0D0001C89E4AE74E6E4EECF6787C3C28432C5776214D2504A692A25E04A6972094C2502B8FC1F6E357BF9298FB5E144B724C5AEA937F62D8BA37A054DC18FBC5C3BEA67FB1ED2A0619C2457C8D19E58A0C5E524627F85AED7A68E03965C649FE063A877892218CE2E968A9E77DE7B17CB8CE2D1A866C8BD8CAEEF8F4956186B1865AAE8C668E8A919D0C215592A9A8BD474B07272A298E333BBE77494C333BBE77494D25309559AAE38CCEEF9DD2530CAEEF8F494D253094C8DC7195DDF1E9298643ACF49484A612815C573CEB3D2579979D6504A6929916C0B930B904A6929906C58277C5236685E629586F6C8DC8761D6390ADB373AC36E1B09125CD9E221B3306637E67B7F94E5D97158812AF3002D07436B53DC78B3E342F1AEF178E8202BA949A763998EA11941CD6A8FA3414ABCA99D7B01E45EAB51C2059BEEBDDC91F3CA6F98B4859BEEBDDC91F3CA6F98A32D196D0F723DD1C7DE9A4A094D25734F6E2129A4A5253094084253494129A4A047A587262DA74C7BF12C7E93091ED6AB9B76C9DF6D9B27271649007EC85FBE9F65EB9896A37A9609BC14F1BCEC0E17FB2F5AD525131D510C872BA2DF0C4795ECC53EC5B296F8D8F39FC87DBAF9B9A33BC387DF6CD4F2454E0FF481FF002AA495370AA5C6B62D03AA76B07E48DADFF0A012A8A9C4CEAE0D5A8C7B084A6128253495035012984A094D25021094C25292984A645B0253094A4A612990604A6928253494C8B604AB0C173FBD2839C8F84AAD2558E0BFDE941CE47C254E1C48CD89F6A5D8FA5687B58D8A428F43DAC6C5216C3CD02CDF75DEE58F9ED37CC5A42CDF75DEE58B9ED37CC51968CBA87B91EE8E2C94D250E2984AE69ED8094C25292984A08812984A094C25311E15CCC68DC3582169F81D686FD454731ECB11AD7F94C388EF84ACB2BE52186ECAE391A35B8E403A56D3675882968E92019E2818C79D725D8CE3E9172D543E4E0FF2AD7A57C98CCD53BE5555CA73C9573BB2E717C86E090956586766706B4E5B85D1D48DFE3D58C7248DF4B2FE60AAC954CD5A474B0B352A5168425349412984A81A0094C2523DE067372F17D48D195348839247A129A4A8EEA83B179990EB2A562A75112894C2545253494EC56EA1289484A884A318EB4EC2DA124AB1C16FBD2839C0F7154C263A72AB7C137DF69D07391F09528AF5229AF24E9CBB1F4C50F6B1B14851E87B58D8A42D679D059C6EB9DCB173DA6F98B4759C6EB7DCD173DA6F98A32E165D43DD8F74709BE037EDCC90950DE729DA7DE94549D395738F68D92094D25797091CA1219DBAD02B8F253094D328D63A579493B40CE1322DA2DF02ECAE176B53308BE3809A99B55D1F60D3B5E5BD05687BA1E167006519CFBF55B77D6E934EC17C87FB9BD0A06E3B6362524D5AE1C6AB92E88E9E0F11201F3BB18F982E2B752B6454DAD246DE3474718A76EA321E34A7A486FE45AD7A2079BA9FF4E26DF08ECB744B0F84D9FBF4231E4A5FDBC45B94C9111C768DADE37E559747382D06FC845F7AD2F728C22DFE95D4721BE6A400341CBBE5313C43CB8BD89FCAB82C39C1B367D7B98D078354634B4A743413C7876B49E8212A91CCB322DC1567464E948AE7D48D195477D413C9B179DE9A4AA123A6E6D8129A4A094D2548AC0948509A4A644094D2504A44110484A094898815CE07FDE743CE5BF0954CAE703FEF2A1E74DF85C9C7545557825D8FA6A87B58D8A428F43DAC6C5216A3840B39DD6BB9A2E7D4BF3168CB39DD67B9E1E7D4BF3428CB859761FDD8F75FB33490E53B4FBD79929D29E33BCA3EF5E44AE79EC1B025309412984A641B025369E864A9A882962ED9512B6369EF41EC9FB036F3E64D7B9683B8AE0F63CD3DA520E2C77D3D2DFA5C6E32C83D8DBFCA56538DD98B175B674DB340B56B61B2ECB7C8D0047474C1B0B3BE7340646CDA5D8BD2BE758DCE38CF79C67BDCE7C8EEF9EE37B8F495A46ED98438F2C16746EC91DD5155777C6F11467CD7BBCED59C2B6ABF8316069D939BF9245956C4B4557155C395D13B8F1E61344723E33B474100AD9ED7B3A96DAB31B88F18B2B44B4B3DDC682619328E437B5C36F22C39CBA0C03C35366CE639897514CEBE502F269E4CDBF346ACD8C34817E845397C30C5D06FEE475473D574B2D3CD253D430C7344EC57B0FB1C0E9691941D457992B6DC32C0C82D58192C4F636A1ACBE96ADBC6648C39431E4764C3A0E71D2162B68514D4D33A9EAA27452B73B4E670D0F6BB339A7584A70B12C3E2554567A9E44A445E9A4AACD5702521282535322090A0A44C40842102057781DF78D173B6FC0E548AF30387DBE8B9E33E0726B5442A704BB33E97A1ED636290A3D0F6B1B1485A8E082CEB758EE7839FD2FCD0B4559D6EAFDA20E7F49F3428CB859750F763DD197CC78CEF29DEF5E24A7CE78CEF29DEF2BC89580F5AD884A6129495E6F72641B06534934B153C22F96791B1463F99C6EBCF20CA4F205F4245C1EC8B26E3920A2A7BC9D3238673E53DE7A5CB3BDC670771E596D295BC58F1A0A4BF4BBF8B28D838A36B933767C27DF258ACD89DC58B166ACBB4C847ECE23B01C63B5AB541658DCE16224EBD6505A233EAAAE92A279AA6637CB3C8E91FC849C8D1C805C06C5E64A42E0179C4F748EC4898F95FDE46D748EE86AA37B674D38D38D879298FB974766EE6F6B545DF676D3B4FE2A99030DDE436F77B02EA28B7106801D5D68968D2D8636C4DF4E43FE14D536669E2E9AF9B9CA606E1FCD66B844F067A273AF305FC7809CEF889F6B731E45AAD4D2D9D6CD23492CA888F61230E2CD4EFE43D946ED60F41548CC18C13A3EE8A882670F0F566677F4E3377B14B6EE9183948D2CA46800DD8C2968DECC6BB35EE2D6DFD2AF5B9599CCA8D4E59A1168CF709B735ADA325D035D5B4F7E47C6DBE78F507C633ED6DE362A98B04ED37F6367557E688B3E2B96A543BAED992CDBD933D3B4F6135431AD8C9D44B5C71769C8BAF648D7B439AE6BDAE17B5ED21CD70D608C852C9164BEA6AC159981F50B6B1FF009178F2A485BEF7A6BF01ED419E8CF9A680FF00E6B4FC25B56D6A6C674566C55510FE2432C85E07F345763745E170EFDD767C62D750C4D2323986491AE1B411912CB144957AD2D2C73B3E0DDA0CECE8A7DAD687FC24AAE91C5871646BA3777AF6961F6AED1BBA9B8F6745E764DF56AF7EAE682A0625446E8C1C844D1B648FD217DDD09658BD193DBD58F144E18142B7C27B122A774535338182624068763358EBAF05A74B48BF65CAA141AB1B29D45523740AFF000387DB68CFFAF8FE53D50AE8B0347DAA8FFDC63F92F515AA2C92F44BB3FD1F4850F6B1B14851E87B58D8A42D679E059D6EAFDA20E7F49F342D15675BABF73C1CFE97E6851970B2EA1EEC7BA32A9CF1DDE53BDE578929F39E3BBCA77BCAF1739613D5498129296864A9A886961EDB3C818D3A183F13CF235B79F32F17543728BC5E06517E50B4BDC8F070B637DA32B78F3831D2839DB05FC6936B88E86F2AB211BB30E2ABAA70DDAB3B2ABAA82C8B2C6F6C2594D0B63A7880BDF3CA7235B70CEE73B29F3958B37062B65749535F2C545BF3DD2CB3D53C35EF738DE4B62BEFD97DCBA0DD0F0F2792B1D4B45318E1A7E2492C7763C93FE2C57E701BD8E4D37AE0E48B19D8CF2E7BCE77BDC5EE3E72AE9C96873F0F42A5B32DD73A48BFE034D95E6A6D490680D3153DFE72011D2A69DD4E689BBDD059F4D48CD17DEE3E8B0342E3F142450CEFE0D5F4B17BE4DB2E6B70EAD69AFC6AE92307F0401900E968BFDAA8EA31E437CD24929D7248F90FF714E2534951726CB1518474479B6168CC00D82E4B8A1292909489D90D734299645B95744EC6A3A87C209BDD1838D13BCA8DDC52A22429A6D1094232D51A2D91BB43C5CDAEA4C6D73D31B8ED31BCFB9CAFA4C21C1FB4C013BA9DCF39854B0D3CCDD8F371E872C6D35D1839C2B1547F26396123AC5D8D5AAB71FA09B8D47552C57E60D7B2A63F35F97DAAA66DC4EA066AE8B174B9F0C8D207A572CF590E2E5612DF2496FB97A3DCF70B9D2CAE1A9D23DC3A094F34790950AAB4916984544CA674543155B6ADB0974B2C8C6811B277E4DE9A6F3780329E5715561231800B80B8272AE4EE6AA54F22B02E8F03BBAA8FFDC62F92F5CEAE8703DDF6BA31FF00508CFF00DA7A8AD5174B825D9FE8FA4287B58D8A428F43DAC6C5216C3CE02CEB758EE7879F52FCD0B45598EEBF55FB0858D05CF35B4F88C195CE21F7DC028CB465B41A5522DF3465359386B9D7F7EEF3F195AD360C8643C2ED491D4B4DFC3A66F75D49D0C03F05FD3AEE5736758F059D13ABABEE927BC98E3173846E39A38C7E27FF00368CBB571F6C5AF3D64E2596F73DC7129E9DB7911E31B846C1A49375E7495428A8ADFA9D69D79579350DD15AB2CAC9A036AD7434D1C0CA5A386F7BE2880BE284918C5F2764F95F701793B332D270EB09C59F422382E64F2B779A4637F84D0DB8C976A6B6EBB9485E582D63C56559EF7CEE6B5F8BBF56CDA0103B01AC37301A493AD65B6EDB725755C95325E01E2C111FE1420F15BB749E52558DE55F931C21B7A965C2881132E1EF27393ACA71282534959CEC68AC04A692825214084252128253494C8812910909411025221098810842001084A8004A84A9134802BBC113FBC2887FAC61FEC72A6015BE097DE543CE9BF0B911D50AAEEA72ECCFA5E87B58D8A428F43DAC6C5216C3CE11EBAA8471B9EE37000927500B31A9AB12CCFAB988000262C6CD0C633BB9095D6E1ECE453068C824918C27909FFD2CB30CE779A78E189AE719278B198C05CE7303C716E1A2F1EC49928ABB48E67082DD755CE65712D863BDB4F19FC2DD2F3FCC7E81763B9DE099696D7D4B6E791F6489C32C6D23B711A1C466D432E951B057008E3B6A2BDA38AEC68A8F2100DF7874BA0F93D3A9261B61C6387D2513EF06F6D4D534E4BB4C519D3CAEF3055256F548DF3967B51A5A10F0FF000B385CBC16075F4B0BEF91E33544C356B637DA72EA5CBA6B181A001A104AAA52BB3A34692A51B202534941290A89602692825212991109488485044094884262042108004212A0012A12A44D204A02004E012269000ADB04FEF3A1E72DF84AAA0ADB0507EF2A1E72DF85C9C78911AEBED4BB1F4B50F6B1B14851E87B58D8A42D879A20DAF6532A2231C82F06E22EC84119883AD66B85B354D9AC0F6865430CAC8C6F97B6418EEBB2B9B9D6B0B38DD8633C043B436AA9DC7906F893D0B29A529A4F9996DB38595B540C6F736188DE1D14378C71A9CF3948E4C8153B1800B8645EB2F64E1CA7DEBCC9591C9BD4F410A51A7BA28094D2504A6A44813494A4A69299160535050810852210991042108004212A0012A12A449204A02004E0122C48004A1012A458902B7C141FBC6879D37E072AA015D608C44DA343778D83E66C6EBD11E2442BAFB52EC7D1F43DAC6C52178510E20D8BDD6E3CB82A0C2FB11B5749340EC8248CB6FEF4E70EF3100ABF4D7B2F1720343E5AAEA592391F1CADC59627624CCD4E1F886B0465BD44256F186BB9E455BFB469DEAA1A2E64ED17DE3BC78FC4DF72CAED2DCFAD185C4706DF8689207020FE575C42CD2A6D6876E9632135EA7667325212ADCE095A1E2351E8B7EA9BD495A1E2351E8B7EAA395F22DDB53EA4541484AB7EA46D0F11A8F45BF549D485A3E233FA2DFAA795F223B687522A1355C751F68F88CFE8B7EA8EA3ED1F119FD16FD5195F216DA1D48A742B9EA3ED0F11A8F45BF54BD4757F88D47A2DFAA2CF906D61D48A542BC181D5DE2555E833F5278C0EACD34557E68E3FD48B3E4494E1D4BC942957403036A74D1D6FF4E1FD69DD4754789D77F4A1FD6959F226A50EB5E51CF25015F3B03EAB451D6F9E38BF52F238235DA286A7CED67EA4ACF90F694D7F65E4A701395AF52768788D47A2DFAA5182968788D47A2DFAA32CB90D57A5D48AA4E015A0C14AFF0011A8F45BF55EB1608D7937701A8F388DA3A6F4B24B9162AF4BAD1531C65C6E1FFDCAB42DCAB078CB506AC8FD944D7454EEF0921ED920E4038A369D48C1DDCAA794B4D616C515E0BA9A338CF906A7C9A07205AED9765B208DAC8DA18D6B435AD68B8340D002B69D369DD9CFC6E36328ECE9EFBEAFFC44D8DB700139085A0E382108400842F375334E70BD508023F0166A08E02CD414842008FC059A82380B35052108023F0166A08E02CD414842008FC059A82380B35052108023F0166A08E02CD414842008FC059A82380B35052108023F0166A08E02CD414842008FC059A82380B35052108023F0166A094513352F742006B6303304E4210008421007FFD9,'2015-03-08 23:48:24','2015-03-11 19:06:20'),
 (13,2,'my first one','yes, my first on',0xFFD8FFE000104A46494600010100000100010000FFDB008400090606080605090807080A09090A0D160E0D0C0C0D1A131410161F1C21201F1C1E1E2327322A23252F251E1E2B3B2C2F3335383838212A3D413C36413237383501090A0A0D0B0D190E0E1935241E243535353535353535353535353535353535352E3535353535353535353535352C3535353535352E352C35352F352929353529FFC00011080020002003012200021101031101FFC400190000030003000000000000000000000000030507020406FFC4003410000102050006050D010000000000000001020300040511120613223141510721426181152324323352647183A1B1B2D114FFC40017010100030000000000000000000000000004030506FFC4001F1100020202020301000000000000000000010200031113215112617104FFDA000C03010002110311003F00C2BBA413D52ACAF6D02C94A94A2DA5649500480483648BD801CB9C099438EFB4C15F493FC814BB3AE99539EF253FA88E8E8348152A9B3285CD56B2FB58DED604EEF08D2055AD738E0094CB633FD2631A2F473E519344D4D6A184B89C903521448E0785A124D38745EAAFBB4F2969E93714326D38070249EA501BC1B6EEF8A9CD5214FE8E8A637325A50690DEB822FEADB85F8DB9F188B691FA04D4E49E79EA56E3595AD7B122F6F082FE7B77160C78EB11172EAC1137698C8124CAD5DA6D27EC20AFBF6118CE2174350909FF0030F3030DBD90B03AB24DF7830A66AA6D58E2EA0FC9421A1811910DE241C4A96912F1E8992BF8597FCA222D507CAD56EE30FEA7D23D42774705114C4AFF009836DB79A52ACEC8208EBCAD7D91C211D1E953BA49546A524995294B36240B8403DA572020F4566A562FD9326B8EC202FA9FFFD9,'2015-03-09 11:57:55',NULL),
 (14,1,'one another new campaign','descripton',0xFFD8FFE000104A46494600010100000100010000FFDB008400090606131011121012121414141515101014151012100F1010101415161514101614171C261E1719231914141F2F202427292C2C2C151E3135302A35262B2C2901090A0A0E0C0E1A0F0F1A2D241F202A292C2C292A2C2C29292C2C2C292C29292C292929292C2C2C2C2929292C292C2C2C2C2C34292C29292C2C2C2C29292C2C2CFFC000110800E000E103012200021101031101FFC4001C0000010501010100000000000000000000000304050607020108FFC40044100001030202070503080805050000000001000203041105210612133141516107718191A122B1F0142332425272C1D11533536282A2E1F143738392B2161725C2D2FFC4001B01000203010101000000000000000000000004020305010607FFC4002C11000202010303020504030000000000000001020311041221053141133214225161A1154271910623E1FFDA000C03010002110311003F00DBD0842001084200108420010845D00085CB9F6F824F9051B8BE91414ADD6A89A3881FDABDAC27B81377770CD019252EBC2F0166D8A76DF431DC44259CE79B59B365FBDD9FA2AB5676FD3B89D8D244D1C0C8F7CC7C4343558AB9359445CD2371DAAF0CBF0015F3E3FB5FC524FA0D8DBF7699CF3FCD75CFFDD1C63A1EFA31FF00CA97A4737C4FA0F6CBBDA2F9ED9DB06291FEB191BBEF533A3F5690549D0F6F3237F5B46D3CF61248CFE578375C7535D837A3720FBAF6EB35C2FB68A196DAEE92126DFAC65D97FBECBFB95CB0FC7229DBAD14AC90738DED7DFF00DBBBB8D956D34494913084D99543E38A584A170E9DA100A100084210008421000842100084210008421000842100084242AAA9B1B5CE739AD6B41739CE21AD6B46F71272017707322CE78559D2AD3DA5C3C7CFC9F399910C7692670CB78160D1D4959CE9C76CCE7174141768B7B552466EBFEC987CB5CD8E7901BD5070EC064A93B595CE6826EE73BDA9643C4D8FBCAB230F2CADCF3C22CDA43DB0D6D59D9D30F93B0FECAD2CEE1D5F6CBF8478A81A6D14A89DC65A89350BB7990BA498F99CD592828E380111B1ADBEF7665C7A929CED55AB8EC45473DC8DA4D10A76E6E6991D966F26DE0D161E7752B0D0C6CFA11B1BF758D1F82E36A8DAA1B64D24877AC7FB648D63CCF994D36A8DAA8E18610E8F9F7E7EF4DE7C3E293E9C6C777B5AB9DAA36AA4B80C222AAB4369E4BB985D19E6C3768EF0EBFA7550D268ED5523B6B4F23B2FAD0174720EF1C55BB6A8DAA96E38E2865A3DDB1D4C076754CDB37ED6AB6199A3BAC03BBACDEF0B57D1DD31A7AD66B41283BAEDB6ABD873C9CC398DC6DC0D8D89594D7E1914E0ED1A2FC1CDB870EE555ACC2E7A3789627BBD9376C917B1237A103FB1B66AB714D1CCB47D431D484E58FBAC5F42FB5C0F2D86B4EABF736516D9483ECC807D13BB72D5A9AB43B710474CD50D3459196494424D92A517090210840021084002108400210840021090AAA96B1AE739C1AD682E739D935AD02E5C4F25D402789E251D3C6F96578646C05CF738D8340F79E406657CEFA7DDA34B89BCC51EB32981F623E3211FE2496DE790B903AEF27691A7EFC4E6D9C448A661F61BBB6AEFDABB8F0CB95CF1BA618461E231AEEFA7BC039D95F18A4B2CA64F2F085307C05AC0249002EDE1A47B0D3BAF6E6A736DD530DBA36EA4F9389607A6646DD31DAAE76C83A486DD1B751FB746D9709121B746DD301320CCBA707FB75EED53012AF76E83991F6D51B54C76E8DBA0323FDAAF36BF967984CF6A8DAA008AC63010439F0DFF007A3CAC4F36FC7352FA09DA2BE8CB60A8739D05ECD26E5F003C0712DBDAE378DFD0F3B550B8BE1BAD795BF4BEB01F5871EEF05D78970CE72B947D1987E221E0106E086B81041041DC4152F14C0AF9DFB3AD3934AE6D34CEBC2E3EC389BEC9C6F91BEE69BF81CF9DF71C3EB6F6E5C3865CD2D38ED782D8BCAC93A849452DD2AA24810842001084200108412803991E0058B76CFA7173FA3617580B3AA0B79DC16C3DE0EA92B45D3AD2A187D1CB5196BE4C883B3D699DF44770B127A05F33073A591CE7B89739C5EF71CCBDE6E4B8F5B927C55F5C39C954E5E07B855181691DC3268E36E24FA29412A62D96D905EEDD5EDE4A92C0F0CCB933266655C3A750489F724A325D72381B78A50317346DF9B1CDC6FE597E09CC712C9BAF965E19EB3A7F4CA9D4AC9ACB626D0BAD529D369D2ECA6CB7247D77E59B71A298AC28A23F60B97D39E06DD39A98F92F45E3A97A223AA945E722B6E874F6F0E28AFBDC46FC978274EF485CD636367D6712FF0001901E39F92652E15332364A59EC3AE45B376AF025BC3C56E5576F829CBC9E33574C68B5C13C9DBA6409930DBA36EAFC0A632486DD1B751FB746DD0772486DD1B7EAA3F6E8DBF7F9657E4BA8E31AE2D4A012E6FD1239660F35A5765FA626467C92475E4600E613BA48C7D53CDCD27CACB3E7480820EE4C692ADD4D23658CEABD8ED607CF2F53E05128292391E19F52E1F5570A5637AA3E8B638DA8859334FB2F00EFB90ECEED3DD63E4ADD4D35EC956B0309E47A842170E821084002E243B873365D851D8E624DA78259DDF4638E490FF0B4903C4D82EA38CC37B68D23F94560A669BC74ED00F2333EC5CEF005A0779546A7C81E6929EA5D33DD2BCDDF239D23CF37BCEB3BD494A2762B085B3C8AEB15E6D12602EC2EE00F36C869D621BCC81E2B829DE0D4FAF337F76F21E96B7E6ABB1ED8365B4D6ECB2315E59626416D51F640B77DB3F5BA79142BC8A2B927A9F7A93A682EBCA5D69F4649571497813869AE9E47489D414E9E474CB3677605A77608EF9223E49CFE3303F1531F2609AE2930A78649B76A35CFF16B491EB654D764A52515E459EA309B332C76713D6985A6FED369DBD08241F52E5A55552007500C98046066400DCAC01EF59CF66F41B6AF12917116BCCE1D4E43D56A72C4B7FA84F66CAE3E11E36F9BB26E6FC94EC5745A37DDC016B8DF361CBC5A72F2B2AE54E8BCACDCE6BBEF0730FBACB489214CA681146BA71E322AE4D33387E1330FAA3C5C08F40BC1863F891E1C15D2A2151D3C69D8EAEC911732063C3ADF48A718911140C6803E71C4DF8D8676F44E1CCCEC145E904DAD2D86E60D51DFC9335593B2586760F23312A4AA73F6BCD165E82B4916176ECA71C2C7C94A4E4EBCD1EEC8EE7B7F15B4E1B51703C17CC784D79A79E2986F6383BF8773BF9495F44613581C011B9D67B7A348CBD004AD91C32DAE5945BE175D289AD2BAE0274AA2D0421080059CF6DD8A6CB0D31839CD2323B5EC4B1A0BDDFF0011E6B4490D81EE58A76FB5B7928E1FB2D9A53DE4B580FF0023BCD4EB599109BC23288CE697092882701A9E4858F005EAEB511652C0644CB54DE8D53FB123F9D9A3B8137FC142B8D85D5BB09A42C8D8C0370D63DEECEFEE59BAFB36D7B7EA6DF44ABD4BF73FDA892A46F452F491288757450FEB246B3A1DE17834EE959BB5DDDCD2079AF2D3AAEB388C327A8BEF82EEFF0025AA0893D8A254EA7ED229AF6376F7AB1E17A534F37D191BE3BD66EA749A8AF994199B29A9FB5E7F825442A9BDA8D6ECE94457B3A5781FC0DB177E03C55F636DD63FDA8E23B6ABD90371137F99F6CFC8B7C94FA356EED5AFA479623A8B315BC139D92E19AB4F354116DA3F51A6DF51B993E775759625C68BE19B0A4822E4C04F52ECEFEA9ECAD5A1AB9EFBA53FB984D11524698CCCE8A5E56A61304BA782B7159216AE251550C53F54143550DEB4AA9E0A1A22CD85DC77345D549EF2E7171E26FDCAC58DCDAB15865AD71E0ABAD0B7B451F97712AC17842503420B569772C63478CD6D5D9FE25B4A480937206CCE7C5A7F2216352C63DCB44ECB2ABE6A467D9907F3347E497B92C12ADF38368C3E4BD949B5D7505854990535114A0C8A2108401C48EC8F72F9FF00B6C96F8831BF669E31E25F21FC96FD31B02BE7EED947FE4BFD18BFE522BEAF722167B4A546324A80B98DB9258353C854F35578BB5CB97432277E3D41DD7E3C8A7F25754CFEC0240B01EC7CD37C4715D60D4DAEE7B9C2E05ADDFBACAC94A00B00023E1E137BA5C917ACB295B20FB90347A0F2BF3748D17E5ED3BC6F929AA5ECC6376F99FF00ED6153B48A628D12828F6450AE9C9F2CA9BFB21D61EC541EE92366AF4CC6EF22A0716ECF2BA906D047B46B7EBD297B8B7BC5B58792D9A93729188F87504DFC3925A4D6462139C5E7261FA39A733D359AF3AF1DF75AD9724D30780D76201CE07DB94CB619EAB41C8792D0FB4FD1CA314CFACD4D9CFEC0062C84CE739B7D766E26C4E62C7DCB2DC3B11929DED963716B858DC03E2DBA4E3A4AA3BE75C71290D59AAB2D5B65CE0FA0756D970161E5924E5549D1FED42292CCAA0587ED8CD8EEA6DBBD55C61AB64A35A37B5EDE058415E66DA67078922394D0DE70A3E70A465728F9CFC5C5D272EE73246D40511523F2533546C0DC81F7886FBD56EBF1C8187E9EB1BEE60BEEE653FA7ADC9E12156B256B4864D691ADE4A3C04E6A650F7B9F9E66E01DE170D8FAAF65A7ADC2091676471AAB821382C4996ABF0191B4CD56EECCA4B3E71CF627C0178FFD82AACAD567ECE729663FBB1FA389FC12F72F919657EE36AC24E4158612AB5833B72B1D36E480C8BA10840094C1615DB553DABA27FDA81BFCAF78FC42DDE7DDE042C7BB6FA2CA9A61CE588F88611E8D7792BAA7F322167B4CBE36E495B2E211D12A02D2C0A339B24DFBD2EE48969272E26DE2B8449CC223D5847EF389F0B6E529126440690C1B98D6B477009CC4532A384296F2F24C51BCA9AA49157695F652F4B2AA6C4462F0592966DCA4E29157E9A75230CDBBAA4E50E46A32CAC948ED7715B9A7A61BC5E63D45F547A1564D01D1888E18C64D1B5E25D691C1EC0E041395CF0E8B36D2798D6E26F68CFE719036DC40243BDC56EB4D108D8D60DCD0D68EE000FCD64753BFD2DB189A5A58E539198690F63EF04BE8E4BF1D9CA6C403C03F75BEF2A4CD85D7D09B98E784F36978672C9ED241F35F44172409F8CD66FEA938C7134A430F4EA4F2B8302FFAE6B9A037E50E3FE66ABEDDC5C0AF3FEABAE972124A7FCA68F73405B9C94AC26E5ADF2BFBD26E85ADDC3CB2F44AD9D6E88F7A97F7FF00094743BBF77E0C4998057541F6D9277CEE0DB783B34E6AF429F0465F24803802EB346FB6F17F10B5898DB70B0CD5134EAAEFECF32D6FFB3DA3EBA9E7D133D3FA95BAABF6462922CBB495D356EF25283465DC17564AEA1415ED927E4C0CBCB122170E0965E10BB80C8D646AB4767717B52BB9ECC787B77FC156A717BF8ABB6804168CBBED3CFA0FEA94BDE21FC8C55CBC9A7E0FC15929B72AFE0CC360AC506E59E342A84210078F17543ED4B0CDB504B6177465938EE638078F271F257D2A3313A66BD8E63B739AF6BBEE919A945E1A2325947CC507F5F3CD2A97C530E7534D242EDEC739BDE2F707C458A4ACB652129F0CE484BE1915E504EE6DDE7C370F149593EA51A9148EFB45AC1FC3ED15C6B92BC8A325BE69E45228D613C13B63F984C3EC2F2E4948A55234D3D940C550DE253D86755C9265658A0A84E2AB13114324BC58D2EDFBCF01D33B0F15070D4263A555BF31B31FE2380F0690E3F825EC8A45B5B7D843B30C3F6D5FB470B88839E49CFDB70B0F79F35B2B9FE2A87D9661FB3A67CA77C8FD5078EAB05ADE6AEB75F3EEABACCEA1AF0B83D3E9AAFF005216DA248B9725C93D758F66A3286A151D39C9ACD22F6599319A648E1D8F91BAAA389E4B5CDF81599E9154EBCA1B7DCDB9EF71FC8057CC4E6B31C3A1FEAB3699FAEF73CFD637F03981E00DBC17B9FF0019D36D4E6CCCEAF6E1280986AE8B128D6E4BD7357B65C9E71B1B3D8924E240927B50C8E46B30BE438E4B4DD14A3D48A36F404F7AA061547B59A368CC03727A017FC16B382D3FBFD1676ADE1E07A85C64B461ACB594EC4146D045B94A306492183D42108004DEA19914E17128C90062FDACE05A924758D193AD13FA3864C71EF04B7C150E20BE84D21C25B510BE178F65E08395ECEFAAEF0201582D6E1EFA795F0C82CE61B1E47A8EFE0B4F4D66E8ED7E046E8B5C8886A7724EDD58DA1BADAB7275B217B9237667D126D6AEC3139B58B89991C7EB5BA0DC92D85D3B11251B12E38B23943214E94646E6FD1364F9B0E4BA1028624BB1CCA6730622E6D83B773DF65C638FDA3DAD19D9A1A3A976607AA55D4FC17B4A447231EE1AC1A41B73B1BD9537B96C6BC9DAD454D366A385D28820861FD9B037C4E6479A75B50A02871D64F637F6B9278653D7F35F24D5536AB1FA9C659EE6A8C6505B5E49174E907CE9999D26EA84BC69E466348B49326D24B924A4A848B9C4EE06DCD390A964BE1528F2C89D24AAD588F5F67CCD8FE2AA51B3DC0795D4EE924BACE6B01B8B939677CBE3CD453235F49E8FA7F4A85F73C4F54D46FBDAF084C3505A96D9AE5C325B89196DE46D23536953C7EE49D1D119A40C1E2792858D41659382DDC227743F0DC8C8466EC8772D2707A5DDE0A0305A10000064AED86D3580F05876CF7CDB35231515844AD2C49D2E226AED56481084200108420069590DD675DA0E8AEDDBB78C7CE46083BFDA60CEC7D48E36BF35A73D9751D5906FF83E1D5595CF6C88CA2A4B07CECCE1F1E09C06AB769AE896A1754423D9372F60FB5C5E3A73FC154E13F07F35B95D919AE0CCB22EB7815684AB1ABC892EC56B42CE5C03425044BB6C79255ADBAADAC153908EC57261DE9E3624A0894249339B991429C8CC120F4C93D871C9A3B0362386B714A98926FA6BA42ED1D37AC591C8D55ABB6AF631E0D2A1F5A1B756BF2F55E3B4959FB3778EE51EEA45E1A459DFA0E9339C33423D6752BF70BCDA4CE3932368EA494C2A2BE593273C8FBB904A9A6B2F3629DA3A5E9AAE631FECA2EEA57DDC4A43310E7FDD77B34E1D12E3516A462A3C2107372796205A907276EC93578BFC66AE4F1CB2C8F2F0377024D80BF056AC0306D402E2EE77C0F4B26981E0E6E2471CF80E4AED85502C9D5DEA4F6C4D3A2ADAB2C7B8550D85D5A2962C826D454B60A5636D824064F405EA108004210800421080049CB1DC251080216BA8C1072E7F1F1C966FA4FA1BA876B0372DEE8F7DFEE85AECD15D4655D1DF82B69B7D296484AB8CF8661B1BB8588EFC93860577D21D12121D76DDAFE24EE3DEA9F5543242ED591B6DF63C0AD7A7531B51937D0EB674D4BC41211393A8C64AE626C5636A5DACC926C09C00AB6704B64B97449CA2CA38477233312E4C49EEAA4DC324611190CDD1249D1A76F0919429A440685A919324B486CB8640E79B017E7D14F318F322EAE329F0BB8D2475FF00A66A4B0CC16E4BDC33E03927D87E0F63B959B0FC29665FAB72CC626C53A6515997712C370DDD92B450505B8283C6A09A214E619845AF51053BAF1B25BB65246B0D6DC45BC6EA39FA6D55189A201AE945438C726A6AC66822AAF93CAE70196D3586A7FA8C3C0ACE8C70386890436097084290021084002108400210840021084002E248EEBB42008BA9A4BA86AFC21AF04385C7256B747748494A17536BB1C693EE65F5DA27624B0D8F5CC288928A48CE6DF2B1F72D5EA30F07828BAAC32FC3D1370D5CE3DF913B34709FD8CFE3A923784E595637D9582A70069FAAA3E4C0ADC133F1907CB4232E9F6C5FC92435154DE7E8506ADBCFD0AE9F83B873F25C1C2DDF0177E26BFA95FC2EA3E9F94726A1BCFD0AE0D50E0129FA31DF0128DC1CF2517AAAD7DCEAD15F2EFC11D2CE5262127829E8B05E89FC182F4F4554F59E22866BE9C97BA456E9F092732A628F07E8A7E9F07B7F6527061D6E0939D939F766942B8417CA88BA3C214E5350D93A8A92C13964765026231D30E201B107300DBA8BEE3D529B01F65A45C9DC389B93E763E095B210008421000842100084210008421000842100084210008421007262BA6EFA74E90802364A2E89ABB0EBA9CB2F0B10057DF8665B925FA2AFC158B648D9200AEFE87E8956E179EE53BB246C90044330D4BC544A45B1AE8342006CCA4B14BB635DA100084210008421000842100084210008421007FFD9,'2015-03-13 19:24:32',NULL),
 (15,1,'one another new campaign======','afads',0x89504E470D0A1A0A0000000D49484452000001F40000012C080600000035BB41C800000FB449444154789CEDDD4DC836D75900E0A3BBD8B4608BD256A5CB846AD0C4A0505A895A7F36124A31DBD2ACC42EA275955DAA58028250DDB810C15044DB45435B8C45C1D88A6E8A540A6A17D294FCA78D26CD6FBF7E796F17DFF7C9D3A7EFCFDCF39CBF67DEEB82812CF2BDE73E73CEDCF79C9979664A01000000000000000000000000000000000000000000000000000000000000000000000000000000000000000000000000000000000000000000000000000000000000000000000000000000000000000000000000000000000000000000000000000000000000000000000000000000000000000000000000000000000000000060A188721251626F3B191D1700B0D02985FC7BB6D1F10100173863656EA50E00C7644131B74A0780D929E800B0010A3A006CC0D2821E51DE181D2B0070864441B74A07805929E800B0010A3A006C404479434107800D50D0016003147400D880C47DF42746C70A009C2151D0BDD31D0066E5497700D88058F6C5B51BDB3747C70B009C22A27CDD657700D80097DD0160033297DD47C70AB01967245F9742592DA23CAEA00374E4FE26AD28E8009D2CBC2CEABBD5ACA2A0037422E1D292F905A798E11EE70C316CD5A87D9B7812F999D6B1B03D0A3AEC597040FCF0E8185AB7BF6523EF61270ABA1337D21474D8110BBF2DDC388625F75925FC1516EEDBD71AB6BFB4A04BBAA4995BB0239170AF8E8EA155FB5B367ADF2E3CA1B8B1B9EC4ECAE8F90D5399610535BAFD2D4B8CEF671AB5FF5F89185C852145EE801D0AFAB6CD504C6798636C9379053B6648B68918EE6815C3564D32BE99CBEECDEEE7B33D8979F589D1B1427311E5EA04097FF82A72AB2629E899CBEE56532C2677C09ED18956B26F27B93AFE8F86712C1EE388727FAB38D816B903F68C3E201C94ED44943F9D6115933CB1B09A6211B903F6240E8A37376ADF67101B9A21E945943F48AED23FDE2A16B643EE803D8924FB70A3F6EF7050B6935C1D7FA3611C99826EACB95044F984F9043B1249F6C5D131B46A7FCB22CA571263DCF2B2FB4BC9A2FE4AAB58D80EB903764C92EC1D940DCDB232B64AA73673097628E8DB17B9CBEE9F9C248EA6738E6D903B60C70C2BA6D1ED6F5D4CF40A56AB746A328F604766D5D43006076563B314D188F25CB2A837FB3010C76F86390DD388E37A5BDCA75BC5B075B314F46C2C9231E73187604744797EF4419148EEEEA9AE14B9FBD75F6E1CCBC79345FDDF5BC6C3F11A9DBB602A11E5CF1389F596463158AD3516511E9CE9C429798261DC3995F9037B1289F54B83DB77601E60A6FD1C517E35B94ABFAF754C1C9F59E6334C2391545F6DD4FEF007F32E83E4AAF86B1DE2C91474B75BF83EF206EC199D5423CAA71D98ED45947F193DD67BF17C75A6AB061C1F7307F6CC90E41D987DCC564093ABF466AF1FE638CD3497610A3324F9D1ED5F1691BBEC7E478778BE3BC3FCE3389937B02793E41BC6E0C0EC20A2FC5BA2803ED529A6CC2AFDB61E31711CE40DD8935925358CC181D949A2787679102D79D5C0C371FC3F7903F6449467471F18A3DBBF4C662B9E11E54F32ABF41E31711CCC19D81351FE309150DFD32886EE07667265F83D852EA2DC5F33969E32FDEE185366FF7FBE575CCC6DB6790C534824D3AF8C6CBF525B3FB5B2909F56D88FEEE3219316F43732FBBD575CCC2BA2FCF16CF318A69048A6AF8D6CFFC036D6AEC8976C6FD4DA17AD4594A713FD7AB6534CB765F6778F98985B4479DD7C81538C5E1DB53C3023CAAD0D0BF9FEF6F3B5F74D6D11E58E198B67723FFF4DAFB8984F44F99519E7304C61E305BD5731BFB1BDBFF6FEA92DD99F0F758AE95BA3E721C721A27C56418733C4E0FBAAADDA8EDCBDD96A5B8B7D545366BC7B16CF2DED63DA89284F26E6CAD1DC0E832A365CD0BB17F3DE45708D88F25B3316CFE489C68FF78A8BB944EE39908746C70B5D45942B5B2BE83168753EA210AE91ECCBBF768AE9A5444C2FF78889F94494CF2D9C232F8C8E15BA8B288F6DB0A00F2DE6B317F588F25CA21FBD5E32F396D962623E11E57D71F109FBD747C7094344EE12EC3D0DDAAF5A1C171CEC3DB769EFE1CD786232634CCC27A27C2CCEBE45F3A988F203A36384611289F46BA3DA6ED097FDED274FF95BF79F93388EBAF024FBD5EBB27B26A6577BC4C49C22CA2F46944722CAF371ED57128F4494BB46C705C32592E895516D37E8CB8D6DD1E5DB88727563053DF3F39F5E97DDFFEC98F6ED0527206E0B00FD8D4CEC230BFA8A58D397F3B36DF434633F92FBF7D15E71EDC5F8FED9F61B4029654C418F283745E21BDD0DFAB2EAFEF6C60A7AE612F72F4F1853F7FD1B511EC8CE8115DB4944B9B777DF800DC824D1957FFFAB8726B9445B4D0B4132EE691F8A2BA59488F2F789BE3CDD29A6F724F77197B7D9EDC4D7BA98EF6F4FF5EC1F70E46A17F488F2F6487C40E1580A7A663F1D72D2D053A23F53BE35AE735C2D3FF273613F23CA2DBDFA0A1CA988F29D5A452AA2BCD222A125FAD2A4D846947B5BC53CD28CFD89280FCF16D7E062AEB003CB4494FF5C9B3CA3F24AFC9CEDCB0BFB52BD08AC4DE6993646C9F4AD735C997D7D73C338EE9AA0889F55D8DFDDAADFC0918A28BF914824F75DFF3737F74E600BFBB2F4EF5D78EF3553EC4ED9A6BE7F7E4344792AD1A75FE818D7AB89B8BED0308ED1855B6107721209E41BC9FFBFDA56B91FE725C82FF688750691FB46FA139D635B1AD74B8DDA9FE532FBD2797B5B8BFD001C9944E2F86EE4564FD5B6CAFD68B9DDD578B8AACA148DCB125744F9D004F368CDA6B0C365974C18439255E57EB4DA3EDC7AAC6AAB3D0603E26A51D08F69757ED671FA78EDFD021C8164A21892A416F663E84F8B5A8F530B9178035EE7B8863DB037B818579F9711E5F6DAFB0898D4E042582D694794F7CE1CDF8C62F02774CF89EBD80AFA795F01FBBB0BDACB3C9CB8BAB0D7DE4FC08432C9B3C2F6DF7B6D574DDA9DFB7263FBA5FAA3D24744F9B95185F382B85E1E1157E4DFD97FB2F36F0FFA0A585C7BDF41EBF9FBD69AFB0B984C44792D9110D63C14F78E73DAAE9EB43B15F11B5B97F79CB734A2702E88E91F1263F060C5763363FFC95AEDEEC5704BE3C2AEA8C35645F2432989C4F1E282B65B14F49FE850C837730973D282FEF6C4585CADD8EEE23950ABCD73626959D81575D8A288F2D38944F047D7FFCD696F897B7D45DBCD9267A364B899427EC32C056C6D5C35639BA9A0EFC4F4EE4673F96DBDFA0074944802CF8E68F780BF5F3311FE7ACDBECF62B602B6135766EC7EB4427B99FBE7DDDF06D8A8B02BEAB035890450EDF266A6DD03FEFE9D1592DEE656E5BB262EE84F27C6E8B90AED2D9E1335FA77409CB7D52CEC23FB023430AAB8F5483A8726BF5A7D9DD5ACFB21A2BCA9E7BC3CB63951B1B06FFA84152E9D51C9AC579B9556339B4C7C3317B19EF3F2D80AFAAE88F2F881C5FDD6D17D002AC92483CAEDF64AD64F562AEAD325F343CDDCEF88723531367F7D605B4BDB99F66B7A11E5F695F37A9327AB70296DBDA05F6FABD67DC74D25BF44BF9B7D7BFC9CD87EBFD7B8CC7C62931151DEBA665E8F8E1BA824A2BCB2F5829E696F49F188283F5B2BAE91127D7E66F2F80E7DD66233856F4D511F1D3350494479F43214F4EB6DD6FCE9CFD17FFC62F6A49F1CAFBF3DA09D69F7C11A11E56DB38F2DD040447967E2E07FA862BB43924D4479A26251DF2FF08BBF491DD7DEFFFDF9B8F69194C7AEFFF75DB5FB7B410C5327FD88F29799FD7F403BCDDBE82DA2DC3AF3D8028D2412DAFFF66EB3567BA7B4DFF29DD92711E59633DABD29CE7EE5EE494479A0559F4F89E57F468FC382189B9F7424C7F69E9AFD6B69F6B1051A4824B36A4FF926DA6CF64056E3A2FE7DFB2BA2FCE3C29381F7B6EAF35E3C37CF9EF4936374D3CA36B2E37A67ED7EB630FBD8020D241259B54B8E89369B3E90D5B8A0AFDDBED4B2CF6BFADF2B9E53E2FB5462BFFDC5CA36D26354BB9FB545E256DAE858818A4624B29992678CF996FA79DB6BADFBBCD3F729C6A0468C11E5A9957F3FFB2DF48889EFA747945F9BE9F8023ACA14B48A6D4E99702628E65DFB3C5B3C87C41851AE7468A34A7BAD648EE519C616A86C50419FF681AC3549B1F2D6ED8D64B38EC19A18E3B027DDEF593956D3ACD4D7CEB7D17103154594170714F4C50F644594DFAED56E22BEDB0716F66E2F723986A49F19875EED9CB20D59AD47948FC6B55B06AB631F1137D0485CFB0D74F7833F91749EAED96E32C69F1950D8BB9DC0C4B2FBC743DF611E51AEF49A9F078EDB4944B9AF469F17C49979D7FDB4630B541651DE3C79411F9E74A2DF8AFDD1CEFD7A66414C435EFDBA13E3531D0BFA9D15C6B0D965F888F2AE9AF3AD559C359C73BC4D739B03A613519E9BBCA04F9778A2DE37A96F6C2F4694DF19D08F7B17C4F6E1DE71EDC5B8F88D7195DAAB51D423A27CA4463C3B71DD5DB398479477D48CAFA663CC093085518535965F4AEDF633AE3522CA2D0724D52B11E58706C7FF4FE7C4F7E8C8D8AEC7B7F8832315DB5C7C99FF82ED24A25C3D3096BBA3FED5A177D6DA57B5ADE8CBAA9F2BC2260D2CE80F2E6CF78B35DB6D25A2BC9E4C44DD5E20739188F2BB11E59BD70BC7C9F5FFEE7EC5E02C83E667ED229ABA7514513ED0208688283F56733FD51451DE7740BF5E191D3F0C37AAA05F6FFBB10BDAECF62A54E635707ED62EA61716F788F2C146857CFA7BCF11E5B315FAF9A6D1FD80611207CAF38DDAFFC239C5FC81166D725C1273F42D0DDA6EF930E4954E6D4D5FCC4B2925A23C59A3BFA3FB01C3CC7090C4B5CF893E12519E8F28DFBAFEDF77B56C93E39148E62F366AFFF71A17F696DB5114F3524A89284F57EAF3CBA3FB0243CC50D0E13CC964DEEC81AFA8F7B05CAFEDA007F27A8B289FABD5F7D17D81211C20CC2E99CC5FE810CFACABF593B8F6B2A08FB6DE072DC4610FC5C957E00061666B927CA7B8EE9BA080EF6EEFEAD1EFD614743880038499C58A279F3BC7377AB57E34F7C89750D0E1000B13D2A69206C723563CF93C20C68F0C28EC2711E5EEDE7D6D2DD67D9F7EF81C8029C4B527CB2F3A409AFC640D2E12511E3FA6641EF53E9C72A90AF92E051D568A23789F37975744F9AB634CE6517FC57E12513E30BA5F3D44941F39705F7D67741F609898FC7DDE5C5E11E5378FB1A0EF8AC37FEEF6C1D17D1861ED49D1E8B861B898FC7DDE5C4E11E50723CAB7B790D0237F7FD8B32B65CC077A006820923F111B1D2F6D5CB0624F7DFC06804122CA3F2F2CE8123B00CC2CCEFE90CFEEF6D0E83801800B449417CE29E6CD5FFB0A005412511EDE7BC0EC8D88F299D17101000000000000000000000000000000000000000000000000000000000000000000000000000000000000000000000000000000000000000000000000000000000000000000000000000000000000000000000000000000000000000000000000000000000000000000000000000000000000000000000000000000000000000000000000000000000000000000000000000000000000000000000000000000000000000000000000000000000000000000000000000000000000000000000000000000000000000000000000000000000000000000000000000000000000000000E3FC1FC174B9E48AFE47B90000000049454E44AE426082,'2015-03-13 19:28:24','2015-03-13 19:58:19'),
 (16,1,'asdf','sasadfa',0xFFD8FFE000104A46494600010100000100010000FFDB008400090606080605090807080A09090A0D160E0D0C0C0D1A131410161F1C21201F1C1E1E2327322A23252F251E1E2B3B2C2F3335383838212A3D413C36413237383501090A0A0D0B0D190E0E1935241E243535353535353535353535353535353535352E3535353535353535353535352C3535353535352E352C35352F352929353529FFC00011080020002003012200021101031101FFC400190000030003000000000000000000000000030507020406FFC4003410000102050006050D010000000000000001020300040511120613223141510721426181152324323352647183A1B1B2D114FFC40017010100030000000000000000000000000004030506FFC4001F1100020202020301000000000000000000010200031113215112617104FFDA000C03010002110311003F00C2BBA413D52ACAF6D02C94A94A2DA5649500480483648BD801CB9C099438EFB4C15F493FC814BB3AE99539EF253FA88E8E8348152A9B3285CD56B2FB58DED604EEF08D2055AD738E0094CB633FD2631A2F473E519344D4D6A184B89C903521448E0785A124D38745EAAFBB4F2969E93714326D38070249EA501BC1B6EEF8A9CD5214FE8E8A637325A50690DEB822FEADB85F8DB9F188B691FA04D4E49E79EA56E3595AD7B122F6F082FE7B77160C78EB11172EAC1137698C8124CAD5DA6D27EC20AFBF6118CE2174350909FF0030F3030DBD90B03AB24DF7830A66AA6D58E2EA0FC9421A1811910DE241C4A96912F1E8992BF8597FCA222D507CAD56EE30FEA7D23D42774705114C4AFF009836DB79A52ACEC8208EBCAD7D91C211D1E953BA49546A524995294B36240B8403DA572020F4566A562FD9326B8EC202FA9FFFD9,'2015-03-13 19:59:07','2015-03-20 16:29:03');
/*!40000 ALTER TABLE `campaigns` ENABLE KEYS */;


--
-- Definition of table `campaigns_events`
--

DROP TABLE IF EXISTS `campaigns_events`;
CREATE TABLE `campaigns_events` (
  `campaign_id_fk` int(10) unsigned NOT NULL,
  `event_id_fk` int(10) unsigned NOT NULL,
  KEY `FK_campaigns_events_1` (`campaign_id_fk`),
  KEY `FK_campaigns_events_2` (`event_id_fk`),
  CONSTRAINT `FK_campaigns_events_1` FOREIGN KEY (`campaign_id_fk`) REFERENCES `campaigns` (`id`),
  CONSTRAINT `FK_campaigns_events_2` FOREIGN KEY (`event_id_fk`) REFERENCES `events` (`id`)
) ENGINE=InnoDB DEFAULT CHARSET=latin1;

--
-- Dumping data for table `campaigns_events`
--

/*!40000 ALTER TABLE `campaigns_events` DISABLE KEYS */;
INSERT INTO `campaigns_events` VALUES  (9,4),
 (6,6),
 (13,10),
 (12,12),
 (12,13),
 (12,14),
 (13,15),
 (16,16),
 (16,17),
 (16,18),
 (16,19),
 (16,20);
/*!40000 ALTER TABLE `campaigns_events` ENABLE KEYS */;


--
-- Definition of table `events`
--

DROP TABLE IF EXISTS `events`;
CREATE TABLE `events` (
  `id` int(10) unsigned NOT NULL AUTO_INCREMENT,
  `event_name` varchar(45) NOT NULL,
  `event_description` text NOT NULL,
  `event_start_date` datetime NOT NULL,
  `event_end_date` datetime NOT NULL,
  `creation_date` datetime NOT NULL,
  `modification_date` datetime DEFAULT NULL,
  PRIMARY KEY (`id`)
) ENGINE=InnoDB AUTO_INCREMENT=21 DEFAULT CHARSET=latin1;

--
-- Dumping data for table `events`
--

/*!40000 ALTER TABLE `events` DISABLE KEYS */;
INSERT INTO `events` VALUES  (1,'event1','This is the first event','2015-02-14 00:00:00','2015-02-15 00:00:00','2015-01-30 00:00:00','2015-01-30 00:00:00'),
 (2,'sgsdfg','sdfgsdfg','2015-02-19 00:00:00','2015-02-20 00:00:00','2015-02-12 19:55:01',NULL),
 (3,'sadfasdfasd','asdfasdf','2015-02-03 00:00:00','2015-02-20 00:00:00','2015-02-12 19:59:57',NULL),
 (4,'oracle event','ya, this is a oracle event.','2015-02-14 00:00:00','2015-02-15 00:00:00','2015-02-13 11:31:26',NULL),
 (5,'BBSR chihld program','Child safty awareness','2015-02-19 00:00:00','2015-02-28 00:00:00','2015-02-13 14:01:34',NULL),
 (6,'a new event','a new event.','2015-03-10 00:00:00','2015-03-21 00:00:00','2015-03-04 19:52:48',NULL),
 (7,'asfd','asdfas','2015-03-09 00:00:00','2015-03-10 00:00:00','2015-03-09 12:54:44',NULL),
 (8,'sdfg','dsadf','2015-03-16 00:00:00','2015-03-16 00:00:00','2015-03-09 12:55:32',NULL),
 (9,'sss','asdfadfs','2015-03-10 00:00:00','2015-03-10 00:00:00','2015-03-09 15:16:14',NULL),
 (10,'hello','hello description','2015-03-10 00:00:00','2015-03-10 00:00:00','2015-03-09 18:23:09',NULL),
 (11,'sdfg','sh','2015-03-11 00:00:00','2015-03-11 00:00:00','2015-03-10 12:29:27',NULL),
 (12,'asddff','asdfasdf','2015-03-12 00:00:00','2015-03-14 00:00:00','2015-03-11 17:00:15',NULL),
 (13,'asdf','sasdfsf','2015-03-18 00:00:00','2015-03-20 00:00:00','2015-03-11 19:13:37',NULL),
 (14,'jjjjjjjjjjjjj','kkkkkkkkkkkkkkkkkkk','2015-03-30 00:00:00','2015-03-31 00:00:00','2015-03-11 19:14:00',NULL),
 (15,'sambitc event','yup... my event','2015-03-13 00:00:00','2015-03-14 00:00:00','2015-03-12 11:36:52',NULL),
 (16,'asdfasdf','sadfasdf','2015-03-16 00:00:00','2015-03-16 00:00:00','2015-03-15 16:44:41',NULL),
 (17,'scgasg','adsfasf','2015-03-16 00:00:00','2015-03-17 00:00:00','2015-03-15 16:48:19',NULL),
 (18,'a fb event','a demo event to discuss something.','2015-03-20 00:00:00','2015-03-20 00:00:00','2015-03-19 13:55:34',NULL),
 (19,'Event for testing','hmmm... a new event used to  help orphan childs.','2015-03-21 00:00:00','2015-03-25 00:00:00','2015-03-20 10:57:17',NULL),
 (20,'sss','sss','2015-03-24 00:00:00','2015-03-26 00:00:00','2015-03-22 14:55:23',NULL);
/*!40000 ALTER TABLE `events` ENABLE KEYS */;


--
-- Definition of table `events_address`
--

DROP TABLE IF EXISTS `events_address`;
CREATE TABLE `events_address` (
  `event_id_fk` int(10) unsigned NOT NULL,
  `address_id_fk` int(10) unsigned NOT NULL,
  KEY `FK_events_address_1` (`event_id_fk`),
  KEY `FK_events_address_2` (`address_id_fk`),
  CONSTRAINT `FK_events_address_1` FOREIGN KEY (`event_id_fk`) REFERENCES `events` (`id`),
  CONSTRAINT `FK_events_address_2` FOREIGN KEY (`address_id_fk`) REFERENCES `address` (`id`)
) ENGINE=InnoDB DEFAULT CHARSET=latin1;

--
-- Dumping data for table `events_address`
--

/*!40000 ALTER TABLE `events_address` DISABLE KEYS */;
INSERT INTO `events_address` VALUES  (2,63),
 (2,64),
 (3,65),
 (5,66),
 (4,67),
 (4,68),
 (3,69),
 (5,70),
 (5,71),
 (2,72),
 (2,73),
 (6,74),
 (6,75),
 (12,76),
 (12,77),
 (19,108),
 (19,109),
 (19,110),
 (19,111),
 (19,112),
 (19,113),
 (19,114);
/*!40000 ALTER TABLE `events_address` ENABLE KEYS */;


--
-- Definition of table `roles`
--

DROP TABLE IF EXISTS `roles`;
CREATE TABLE `roles` (
  `id` int(10) unsigned NOT NULL AUTO_INCREMENT,
  `role` varchar(45) NOT NULL,
  PRIMARY KEY (`id`)
) ENGINE=InnoDB AUTO_INCREMENT=2 DEFAULT CHARSET=latin1;

--
-- Dumping data for table `roles`
--

/*!40000 ALTER TABLE `roles` DISABLE KEYS */;
INSERT INTO `roles` VALUES  (1,'ROLE_SUPER_ADMIN');
/*!40000 ALTER TABLE `roles` ENABLE KEYS */;


--
-- Definition of table `users`
--

DROP TABLE IF EXISTS `users`;
CREATE TABLE `users` (
  `id` int(10) unsigned NOT NULL AUTO_INCREMENT,
  `first_name` varchar(45) NOT NULL,
  `last_name` varchar(45) NOT NULL,
  `email` varchar(100) NOT NULL,
  `phone` varchar(15) NOT NULL,
  `dob` datetime NOT NULL,
  `creation_date` datetime NOT NULL,
  `modification_date` datetime DEFAULT NULL,
  `password` varchar(30) NOT NULL,
  `enabled` tinyint(1) NOT NULL,
  `username` varchar(45) NOT NULL,
  PRIMARY KEY (`id`)
) ENGINE=InnoDB AUTO_INCREMENT=3 DEFAULT CHARSET=latin1;

--
-- Dumping data for table `users`
--

/*!40000 ALTER TABLE `users` DISABLE KEYS */;
INSERT INTO `users` VALUES  (1,'Sovan','Misraaaaaaa','sovan107@gmail.com','9776846110','1989-10-31 00:00:00','2015-01-30 00:00:00','2015-03-17 20:21:54','mindfire',1,'sovanm'),
 (2,'sambit','chou','sambitc@gmail.com','9776846111','2010-01-01 00:00:00','2010-03-15 00:12:12','2015-03-17 19:51:51','mindfire',1,'sambitc');
/*!40000 ALTER TABLE `users` ENABLE KEYS */;




/*!40101 SET SQL_MODE=@OLD_SQL_MODE */;
/*!40014 SET FOREIGN_KEY_CHECKS=@OLD_FOREIGN_KEY_CHECKS */;
/*!40014 SET UNIQUE_CHECKS=@OLD_UNIQUE_CHECKS */;
/*!40101 SET CHARACTER_SET_CLIENT=@OLD_CHARACTER_SET_CLIENT */;
/*!40101 SET CHARACTER_SET_RESULTS=@OLD_CHARACTER_SET_RESULTS */;
/*!40101 SET COLLATION_CONNECTION=@OLD_COLLATION_CONNECTION */;
/*!40101 SET CHARACTER_SET_CLIENT=@OLD_CHARACTER_SET_CLIENT */;
